Creating work dir
  - Copying /product from source firmware
    - Replacing "ro.product.product.name" prop with "dm3qxxx" in /product/etc/build.prop
  - Copying /system from source firmware
    - Adding "ro.product.device" prop with "dm3q" in /system/system/build.prop
  - Copying /system_ext from source firmware
    - Adding metadata for /system_ext (uid:0 gid:0 mode:755 selabel:u:object_r:system_file:s0)
    - Adding metadata for /system/system_ext (uid:0 gid:0 mode:644 selabel:u:object_r:system_file:s0)
  - Copying /odm from target firmware
  - Copying /system_dlkm from target firmware
  - Copying /vendor from target firmware
    - Replacing "ro.config.ringtone" prop with "ACH_Galaxy_Bells.ogg" in /vendor/build.prop
    - Replacing "ro.config.notification_sound" prop with "ACH_Spaceline.ogg" in /vendor/build.prop
    - Replacing "ro.config.alarm_alert" prop with "ACH_Homecoming.ogg" in /vendor/build.prop
    - Replacing "ro.config.media_sound" prop with "Media_preview_Over_the_horizon.ogg" in /vendor/build.prop
    - Replacing "ro.config.ringtone_2" prop with "ACH_Atomic_Bell.ogg" in /vendor/build.prop
    - Replacing "ro.config.notification_sound_2" prop with "ACH_Signal.ogg" in /vendor/build.prop
  - Copying /vendor_dlkm from target firmware
  - Copying target firmware kernel images
    - Removing AVB footer signature from boot.img
    - Removing Samsung footer signature from boot.img
    - Removing AVB footer signature from dtbo.img
    - Removing Samsung footer signature from dtbo.img
    - Removing AVB footer signature from init_boot.img
    - Removing Samsung footer signature from init_boot.img
    - Removing AVB footer signature from vendor_boot.img
    - Removing Samsung footer signature from vendor_boot.img
Applying device patches
  - Processing "Misc patches" by @salvo_giangri
    - Adding "ro.factory.model" prop with "SM-S918B" in /system/system/build.prop
  - Processing "Stock blobs" by @salvogiangri
    - NOTHING TO DO
Applying ROM patches
  - Processing "floating_feature.xml patches" by @salvogiangri
    - Applying target floating feature config
    - Applying custom device floating feature config
      - Replacing "SEC_FLOATING_FEATURE_AUDIO_CONFIG_EFFECTS_VIDEOCALL" config with "TRUE" in /system/system/etc/floating_feature.xml
      - Replacing "SEC_FLOATING_FEATURE_AUDIO_CONFIG_SOUNDALIVE_VERSION" config with "eq_custom,uhq_onoff,karaoke,adapt,spk_stereo,dvfs_20_percent,dvfs_max_45_percent,voice_boost,dolby_game_spk_off" in /system/system/etc/floating_feature.xml
      - Adding "SEC_FLOATING_FEATURE_CAMERA_CONFIG_AUTOFRAMING" config with "uhd" in /system/system/etc/floating_feature.xml
      - Adding "SEC_FLOATING_FEATURE_CAMERA_CONFIG_LOG_VIDEO" config with "V1.0" in /system/system/etc/floating_feature.xml
      - Replacing "SEC_FLOATING_FEATURE_CAMERA_CONFIG_MOTIONPHOTO_CAPTURE_MODE" config with "[[3,1],[3,0.5]]" in /system/system/etc/floating_feature.xml
      - Replacing "SEC_FLOATING_FEATURE_CAMERA_CONFIG_SDK_FEATURE_INFO" config with "version2,super_night,preview_dis,video_hdr,smooth_zoom,logical_rear_camera:camera_id=20,exposure_table_control,selfie_tone,physical_camera_tele:camera_id=52,physical_camera_tele2:camera_id=54" in /system/system/etc/floating_feature.xml
      - Replacing "SEC_FLOATING_FEATURE_CAMERA_CONFIG_VENDOR_LIB_INFO" config with "food.samsung.v1,face_landmark.arcsoft.v2_1,beauty.samsung.v4,scene_detection.samsung.v1,facial_restoration.arcsoft.v1,facial_attribute.samsung.v1,human_tracking_hand.arcsoft.v4,fr_tracking.arcsoft.v1,smart_scan.samsung.v2,aimode.samsung.v2,aimfisp.samsung.v1,ai_clear_zoom.arcsoft.v1,macro_raw_sr.arcsoft.v1,super_resolution_raw.arcsoft.v2,aebhdr.arcsoft.v1,hybridhdr.arcsoft.v1,single_bokeh.samsung.v2,super_night.mpi.v2,swuwdc.arcsoft.v1,event_detection.samsung.v2,selfie_correction.samsung.v1,dual_bokeh.samsung.v1_1,image_codec.samsung.v1,pro_single_rgb.mpi.v1,image_enhance.arcsoft.v1,localtm.samsung.v1_1" in /system/system/etc/floating_feature.xml
      - Replacing "SEC_FLOATING_FEATURE_CAMERA_CONFIG_WINE_DETECTOR" config with "V1_SNAP_CPU" in /system/system/etc/floating_feature.xml
      - Replacing "SEC_FLOATING_FEATURE_CAMERA_DOCUMENTSCAN_SOLUTIONS" config with "AI_DEWARPING,SHADOW_REMOVAL,DEBLUR,OBJECT_REMOVAL,COLOR_ENHANCE" in /system/system/etc/floating_feature.xml
      - Adding "SEC_FLOATING_FEATURE_CAMERA_SUPPORT_DUAL_PORTRAITVIDEO" config with "TRUE" in /system/system/etc/floating_feature.xml
      - Adding "SEC_FLOATING_FEATURE_CAMERA_SUPPORT_EDITABLE_PORTRAITVIDEO" config with "TRUE" in /system/system/etc/floating_feature.xml
      - Adding "SEC_FLOATING_FEATURE_CAMERA_SUPPORT_PORTRAIT_INTELLIGENT_OPTIMIZATION_AI_ISP" config with "TRUE" in /system/system/etc/floating_feature.xml
      - Adding "SEC_FLOATING_FEATURE_CAMERA_SUPPORT_SEAMLESS_PORTRAITVIDEO" config with "TRUE" in /system/system/etc/floating_feature.xml
      - Adding "SEC_FLOATING_FEATURE_CAMERA_SUPPORT_SUPER_NIGHT_DRAFT_RAW" config with "TRUE" in /system/system/etc/floating_feature.xml
      - Adding "SEC_FLOATING_FEATURE_CAMERA_SUPPORT_VDIS_ON_MOTIONPHOTO" config with "FALSE" in /system/system/etc/floating_feature.xml
      - Adding "SEC_FLOATING_FEATURE_COMMON_CONFIG_DEX_MODE" config with "dual,wireless,dexforpc" in /system/system/etc/floating_feature.xml
      - Replacing "SEC_FLOATING_FEATURE_COMMON_CONFIG_EDGE" config with "people,task,circle,panel,-edgefeeds,debug,search,phonecolor" in /system/system/etc/floating_feature.xml
      - Adding "SEC_FLOATING_FEATURE_FRAMEWORK_SUPPORT_PROVIDE_TSP_RAWDATA" config with "TRUE" in /system/system/etc/floating_feature.xml
      - Replacing "SEC_FLOATING_FEATURE_GALLERY_CONFIG_AI_EXPANSION" config with "AI_Timelapse,singletake.hidt.support.on,singletake.capture.support.off,singletake.video_res.config.fhd,singletake.video.previous_record" in /system/system/etc/floating_feature.xml
      - Adding "SEC_FLOATING_FEATURE_GALLERY_SUPPORT_LOG_CORRECT_COLOR" config with "TRUE" in /system/system/etc/floating_feature.xml
      - Adding "SEC_FLOATING_FEATURE_GENAI_SUPPORT_OFFLINE_LANGUAGEMODEL" config with "TRUE" in /system/system/etc/floating_feature.xml
      - Replacing "SEC_FLOATING_FEATURE_GENAI_SUPPORT_TIME_WEATHER_WALLPAPER" config with "v2" in /system/system/etc/floating_feature.xml
      - Adding "SEC_FLOATING_FEATURE_GRAPHICS_SUPPORT_TOUCH_FAST_RESPONSE" config with "TRUE" in /system/system/etc/floating_feature.xml
      - Replacing "SEC_FLOATING_FEATURE_LCD_CONFIG_AOD_BRIGHTNESS_ANIMATION" config with "1" in /system/system/etc/floating_feature.xml
      - Replacing "SEC_FLOATING_FEATURE_LCD_CONFIG_AOD_FULLSCREEN" config with "1" in /system/system/etc/floating_feature.xml
      - Replacing "SEC_FLOATING_FEATURE_LCD_CONFIG_AOD_REFRESH_RATE" config with "10" in /system/system/etc/floating_feature.xml
      - Replacing "SEC_FLOATING_FEATURE_LCD_CONFIG_CONTROL_AUTO_BRIGHTNESS" config with "3" in /system/system/etc/floating_feature.xml
      - Replacing "SEC_FLOATING_FEATURE_LCD_CONFIG_VIVIDNESS" config with "1" in /system/system/etc/floating_feature.xml
      - Replacing "SEC_FLOATING_FEATURE_LCD_CONFIG_VIVIDPLUS" config with "1" in /system/system/etc/floating_feature.xml
      - Replacing "SEC_FLOATING_FEATURE_LOCKSCREEN_CONFIG_WALLPAPER_STYLE" config with "VIDEO,COVER_MP4,GENWEATHER" in /system/system/etc/floating_feature.xml
      - Adding "SEC_FLOATING_FEATURE_MMFW_SUPPORT_HDR2SDR_MAX_8K" config with "TRUE" in /system/system/etc/floating_feature.xml
      - Adding "SEC_FLOATING_FEATURE_MMFW_SUPPORT_HIERARCHICAL_B_ENCODING" config with "TRUE" in /system/system/etc/floating_feature.xml
      - Adding "SEC_FLOATING_FEATURE_MMFW_SUPPORT_LONGEXPOSURE_EFFECT_10BIT" config with "TRUE" in /system/system/etc/floating_feature.xml
      - Adding "SEC_FLOATING_FEATURE_COMMON_SUPPORT_NAL_PRELOADAPP_REGULATION" config with "TRUE" in /system/system/etc/floating_feature.xml
      - Adding "SEC_FLOATING_FEATURE_MMFW_SUPPORT_PHOTOHDR" config with "TRUE" in /system/system/etc/floating_feature.xml
  - Processing "MediaTek-ify" by @Fede2782
    ! Nothing to do
  - Processing "Debloat list" by @salvogiangri
    - Adding /system/system from unica/patches/_debloat
    - Deleting /product/app/SpeechServicesByGoogle/oat
    - Deleting /product/app/Maps/oat
    - Deleting /product/app/AssistantShell/oat
    - Deleting /product/app/Gmail2/oat
    - Deleting /product/app/BardShell/oat
    - Deleting /product/app/YouTube/oat
    - Deleting /product/app/Chrome/oat
    - Deleting /product/app/GoogleCalendarSyncAdapter/oat
    - Deleting /product/app/DuoStub/oat
    - Deleting /product/app/WebViewGoogle/oat
    - Deleting /product/app/GoogleLocationHistory/oat
    - Deleting /product/priv-app/AndroidAutoStub/oat
    - Deleting /product/priv-app/GmsCore/oat
    - Deleting /product/priv-app/ConfigUpdater/oat
    - Deleting /product/priv-app/Turbo/oat
    - Deleting /product/priv-app/AndroidSystemIntelligence/oat
    - Deleting /product/priv-app/Velvet/oat
    - Deleting /product/priv-app/PrivateComputeServices/oat
    - Deleting /product/priv-app/AiWallpaper/oat
    - Deleting /product/priv-app/GooglePartnerSetup/oat
    - Deleting /product/priv-app/GoogleRestore/oat
    - Deleting /product/priv-app/SearchSelector/oat
    - Deleting /product/priv-app/HotwordEnrollmentOKGoogleEx4HEXAGON/oat
    - Deleting /product/priv-app/Phonesky/oat
    - Deleting /product/priv-app/Messages/oat
    - Deleting /product/priv-app/CarrierWifi/oat
    - Deleting /product/priv-app/GoogleOneTimeInitializer/oat
    - Deleting /product/priv-app/HotwordEnrollmentXGoogleEx4HEXAGON/oat
    - Deleting /system/system/framework/oat
    - Deleting /system/system/preload/Facebook_stub_preload/oat
    - Deleting /system/system/preload/Tips/oat
    - Deleting /system/system/app/ARCore/oat
    - Deleting /system/system/hidden/SmartTutor/oat
    - Deleting /system/system/app/SamsungPassAutofill_v1/oat
    - Deleting /system/system/app/DsmsAPK/oat
    - Deleting /system/system/app/SamsungTTS/oat
    - Deleting /system/system/app/GoogleExtShared/oat
    - Deleting /system/system/app/BluetoothAgent/oat
    - Deleting /system/system/app/MAPSAgent/oat
    - Deleting /system/system/app/SilentLog/oat
    - Deleting /system/system/app/AllShareAware/oat
    - Deleting /system/system/app/KeyChain/oat
    - Deleting /system/system/app/HiyaService/oat
    - Deleting /system/system/app/CompanionDeviceManager/oat
    - Deleting /system/system/app/PartnerBookmarksProvider/oat
    - Deleting /system/system/app/OCRDataProvider/oat
    - Deleting /system/system/app/SamsungOne/oat
    - Deleting /system/system/app/ParentalCare/oat
    - Deleting /system/system/app/MyDevice/oat
    - Deleting /system/system/app/SafetyInformation/oat
    - Deleting /system/system/app/StickerCenter/oat
    - Deleting /system/system/app/SamsungCalendar/oat
    - Deleting /system/system/app/SamsungTTSVoice_en_GB_f00/oat
    - Deleting /system/system/app/SmartSwitchStub/oat
    - Deleting /system/system/app/NfwLocationPrivacy/oat
    - Deleting /system/system/app/SamsungWeather/oat
    - Deleting /system/system/app/CarrierDefaultApp/oat
    - Deleting /system/system/app/PhotoTable/oat
    - Deleting /system/system/app/SketchBook/oat
    - Deleting /system/system/app/TetheringAutomation/oat
    - Deleting /system/system/app/PrintSpooler/oat
    - Deleting /system/system/app/SamsungTTSVoice_fr_FR_f00/oat
    - Deleting /system/system/app/DAAgent/oat
    - Deleting /system/system/app/BixbyWakeup/oat
    - Deleting /system/system/app/FactoryCameraFB/oat
    - Deleting /system/system/app/FactoryAirCommandManager/oat
    - Deleting /system/system/app/EasterEgg/oat
    - Deleting /system/system/app/HoneyBoard/oat
    - Deleting /system/system/app/sveservice/oat
    - Deleting /system/system/app/SimAgent/oat
    - Deleting /system/system/app/WallpaperBackup/oat
    - Deleting /system/system/app/SamsungTTSVoice_en_US_l03/oat
    - Deleting /system/system/app/SamsungTTSVoice_th_TH_f00/oat
    - Deleting /system/system/app/SamsungTTSVoice_es_US_f00/oat
    - Deleting /system/system/app/SmartMirroring/oat
    - Deleting /system/system/app/LiveTranscribe/oat
    - Deleting /system/system/app/WifiGuider/oat
    - Deleting /system/system/app/BluetoothMidiService/oat
    - Deleting /system/system/app/Foundation/oat
    - Deleting /system/system/app/MotionPhoto/oat
    - Deleting /system/system/app/FBAppManager_NS/oat
    - Deleting /system/system/app/SamsungTTSVoice_ru_RU_f00/oat
    - Deleting /system/system/app/WlanTest/oat
    - Deleting /system/system/app/EasymodeContactsWidget81/oat
    - Deleting /system/system/app/ChromeCustomizations/oat
    - Deleting /system/system/app/EmergencyLauncher/oat
    - Deleting /system/system/app/UnifiedWFC/oat
    - Deleting /system/system/app/UniversalMDMClient/oat
    - Deleting /system/system/app/SmartSwitchAgent/oat
    - Deleting /system/system/app/WifiAiService/oat
    - Deleting /system/system/app/Roboto/oat
    - Deleting /system/system/app/MDMApp/oat
    - Deleting /system/system/app/AirGlance/oat
    - Deleting /system/system/app/DRParser/oat
    - Deleting /system/system/app/SmartTethering/oat
    - Deleting /system/system/app/MdecService/oat
    - Deleting /system/system/app/SetupWizardLegalProvider/oat
    - Deleting /system/system/app/ShortcutBackupService/oat
    - Deleting /system/system/app/SoundPicker_B/oat
    - Deleting /system/system/app/ClipboardEdge/oat
    - Deleting /system/system/app/SamsungTTSVoice_de_DE_f00/oat
    - Deleting /system/system/app/MdxKitService/oat
    - Deleting /system/system/app/ImsSettings/oat
    - Deleting /system/system/app/Stk2/oat
    - Deleting /system/system/app/SmartReminder/oat
    - Deleting /system/system/app/SecHTMLViewer/oat
    - Deleting /system/system/app/BookmarkProvider/oat
    - Deleting /system/system/app/Stk/oat
    - Deleting /system/system/app/KidsHome_Installer/oat
    - Deleting /system/system/app/PacProcessor/oat
    - Deleting /system/system/app/SLocation/oat
    - Deleting /system/system/app/CocktailQuickTool/oat
    - Deleting /system/system/app/HMT/oat
    - Deleting /system/system/app/FilterProvider/oat
    - Deleting /system/system/app/SamsungTTSVoice_ar_AE_m00/oat
    - Deleting /system/system/app/VisionIntelligence3.7/oat
    - Deleting /system/system/app/SamsungTTSVoice_es_ES_f00/oat
    - Deleting /system/system/app/MhsAiService/oat
    - Deleting /system/system/app/MoccaMobile/oat
    - Deleting /system/system/app/GearManagerStub/oat
    - Deleting /system/system/app/BBCAgent/oat
    - Deleting /system/system/app/SamsungTTSVoice_id_ID_f00/oat
    - Deleting /system/system/app/CameraExtensionsProxy/oat
    - Deleting /system/system/app/SamsungTTSVoice_pl_PL_f00/oat
    - Deleting /system/system/app/Traceur/oat
    - Deleting /system/system/app/SamsungTTSVoice_it_IT_f00/oat
    - Deleting /system/system/app/ccinfo/oat
    - Deleting /system/system/app/BasicDreams/oat
    - Deleting /system/system/app/SimAppDialog/oat
    - Deleting /system/system/app/ContainerService/oat
    - Deleting /system/system/app/SamsungTTSVoice_es_MX_f00/oat
    - Deleting /system/system/app/BrightnessBackupService/oat
    - Deleting /system/system/app/SamsungTTSVoice_vi_VN_f00/oat
    - Deleting /system/system/app/HandwritingService/oat
    - Deleting /system/system/app/Rampart/oat
    - Deleting /system/system/app/SamsungTTSVoice_hi_IN_f00/oat
    - Deleting /system/system/app/EasyOneHand3/oat
    - Deleting /system/system/app/UwbTest/oat
    - Deleting /system/system/app/GalaxyResourceUpdater/oat
    - Deleting /system/system/app/SamsungTTSVoice_pt_BR_f00/oat
    - Deleting /system/system/app/BGMProvider/oat
    - Deleting /system/system/app/CertInstaller/oat
    - Deleting /system/system/app/GooglePrintRecommendationService/oat
    - Deleting /system/system/app/AllshareMediaShare/oat
    - Deleting /system/system/app/LiveDrawing/oat
    - Deleting /system/system/app/VoiceAccess/oat
    - Deleting /system/system/app/Personalization/oat
    - Deleting /system/system/app/SecureElement/oat
    - Deleting /system/system/app/VTCameraSetting/oat
    - Deleting /system/system/priv-app/imsservice/oat
    - Deleting /system/system/priv-app/KnoxPushManager/oat
    - Deleting /system/system/priv-app/SamsungMultiConnectivity/oat
    - Deleting /system/system/priv-app/PeopleStripe/oat
    - Deleting /system/system/priv-app/Fmm/oat
    - Deleting /system/system/priv-app/SCameraSDKService/oat
    - Deleting /system/system/priv-app/Shell/oat
    - Deleting /system/system/priv-app/DrmEventapp/oat
    - Deleting /system/system/priv-app/CallAssistant/oat
    - Deleting /system/system/priv-app/AREmojiEditor/oat
    - Deleting /system/system/priv-app/EmergencySOS/oat
    - Deleting /system/system/priv-app/ONS/oat
    - Deleting /system/system/priv-app/knoxvpnproxyhandler/oat
    - Deleting /system/system/priv-app/SamsungContactsProvider/oat
    - Deleting /system/system/priv-app/MobileWips/oat
    - Deleting /system/system/priv-app/OmaCP/oat
    - Deleting /system/system/priv-app/HWResourceShare/oat
    - Deleting /system/system/priv-app/SecFactoryPhoneTest/oat
    - Deleting /system/system/priv-app/FotaAgent/oat
    - Deleting /system/system/priv-app/KnoxGuard/oat
    - Deleting /system/system/priv-app/SVCAgent/oat
    - Deleting /system/system/priv-app/IAFDManagerService/oat
    - Deleting /system/system/priv-app/SmartManager_v5/oat
    - Deleting /system/system/priv-app/BlockedNumberProvider/oat
    - Deleting /system/system/priv-app/EnhancedAttestationAgent/oat
    - Deleting /system/system/priv-app/DeviceDiagnostics/oat
    - Deleting /system/system/priv-app/BlueLightFilter/oat
    - Deleting /system/system/priv-app/GameTools_Dream/oat
    - Deleting /system/system/priv-app/EpdgService/oat
    - Deleting /system/system/priv-app/DigitalWellbeing/oat
    - Deleting /system/system/priv-app/KnoxCore/oat
    - Deleting /system/system/priv-app/SHClient/oat
    - Deleting /system/system/priv-app/CMHProvider/oat
    - Deleting /system/system/priv-app/AODService_v80/oat
    - Deleting /system/system/priv-app/GalaxyApps_OPEN/oat
    - Deleting /system/system/priv-app/NSFusedLocation_v6.0/oat
    - Deleting /system/system/priv-app/FBServices/oat
    - Deleting /system/system/priv-app/DiagMonAgent95/oat
    - Deleting /system/system/priv-app/SecSoundPicker/oat
    - Deleting /system/system/priv-app/YourPhone_P1_5/oat
    - Deleting /system/system/priv-app/SecMyFiles2020/oat
    - Deleting /system/system/priv-app/CallLogBackup/oat
    - Deleting /system/system/priv-app/SCPMAgent/oat
    - Deleting /system/system/priv-app/SecureFolder/oat
    - Deleting /system/system/priv-app/UserDictionaryProvider/oat
    - Deleting /system/system/priv-app/FBInstaller_NS/oat
    - Deleting /system/system/priv-app/smartfaceservice/oat
    - Deleting /system/system/priv-app/SamsungMagnifier3/oat
    - Deleting /system/system/priv-app/FactoryTestProvider/oat
    - Deleting /system/system/priv-app/SmartEye/oat
    - Deleting /system/system/priv-app/NSDSWebApp/oat
    - Deleting /system/system/priv-app/BCService/oat
    - Deleting /system/system/priv-app/StorageShare/oat
    - Deleting /system/system/priv-app/serviceModeApp_FB/oat
    - Deleting /system/system/priv-app/Routines/oat
    - Deleting /system/system/priv-app/SamsungInCallUI/oat
    - Deleting /system/system/priv-app/PhoneNumberService/oat
    - Deleting /system/system/priv-app/knoxanalyticsagent/oat
    - Deleting /system/system/priv-app/MyGalaxyService/oat
    - Deleting /system/system/priv-app/MtpApplication/oat
    - Deleting /system/system/priv-app/PhoneErrService/oat
    - Deleting /system/system/priv-app/SmartSwitchAssistant/oat
    - Deleting /system/system/priv-app/HashTagService/oat
    - Deleting /system/system/priv-app/BeaconManager/oat
    - Deleting /system/system/priv-app/SamsungCamera/oat
    - Deleting /system/system/priv-app/sec_camerax_service/oat
    - Deleting /system/system/priv-app/DeviceQualityAgent36/oat
    - Deleting /system/system/priv-app/ManagedProvisioning/oat
    - Deleting /system/system/priv-app/SettingsProvider/oat
    - Deleting /system/system/priv-app/SohService/oat
    - Deleting /system/system/priv-app/PrivacyDashboard/oat
    - Deleting /system/system/priv-app/PaymentFramework/oat
    - Deleting /system/system/priv-app/ProxyHandler/oat
    - Deleting /system/system/priv-app/SamsungExperienceService/oat
    - Deleting /system/system/priv-app/Telecom/oat
    - Deleting /system/system/priv-app/VideoScan/oat
    - Deleting /system/system/priv-app/GlobalPostProcMgr/oat
    - Deleting /system/system/priv-app/IntentResolver/oat
    - Deleting /system/system/priv-app/DigitalKey/oat
    - Deleting /system/system/priv-app/ThemeCenter/oat
    - Deleting /system/system/priv-app/StoryService/oat
    - Deleting /system/system/priv-app/SamsungCalendarProvider/oat
    - Deleting /system/system/priv-app/EsimClient/oat
    - Deleting /system/system/priv-app/GpuWatchApp/oat
    - Deleting /system/system/priv-app/SendHelpMessage/oat
    - Deleting /system/system/priv-app/AuthFramework/oat
    - Deleting /system/system/priv-app/SecSettings/oat
    - Deleting /system/system/priv-app/GameHome/oat
    - Deleting /system/system/priv-app/vexfwk_service/oat
    - Deleting /system/system/priv-app/InputDevices/oat
    - Deleting /system/system/priv-app/KnoxNetworkFilter/oat
    - Deleting /system/system/priv-app/LocalTransport/oat
    - Deleting /system/system/priv-app/TouchWizHome_2017/oat
    - Deleting /system/system/priv-app/VpnDialogs/oat
    - Deleting /system/system/priv-app/BadgeProvider_N/oat
    - Deleting /system/system/priv-app/Accessibility/oat
    - Deleting /system/system/priv-app/LinkToWindowsService/oat
    - Deleting /system/system/priv-app/AirCommand/oat
    - Deleting /system/system/priv-app/ShareLive/oat
    - Deleting /system/system/priv-app/LiveWallpapersPicker/oat
    - Deleting /system/system/priv-app/MCFDeviceSync/oat
    - Deleting /system/system/priv-app/SecNfc/oat
    - Deleting /system/system/priv-app/SamsungSmartSuggestions/oat
    - Deleting /system/system/priv-app/DownloadProviderUi/oat
    - Deleting /system/system/priv-app/USBSettings/oat
    - Deleting /system/system/priv-app/CSC/oat
    - Deleting /system/system/priv-app/NfcNci/oat
    - Deleting /system/system/priv-app/Bixby/oat
    - Deleting /system/system/priv-app/StickerFaceARAvatar/oat
    - Deleting /system/system/priv-app/SecDownloadProvider/oat
    - Deleting /system/system/priv-app/ModemServiceMode/oat
    - Deleting /system/system/priv-app/DynamicSystemInstallationService/oat
    - Deleting /system/system/priv-app/SmartEpdgTestApp/oat
    - Deleting /system/system/priv-app/CallBGProvider/oat
    - Deleting /system/system/priv-app/KPECore/oat
    - Deleting /system/system/priv-app/PetService/oat
    - Deleting /system/system/priv-app/KLMSAgent/oat
    - Deleting /system/system/priv-app/SPPPushClient/oat
    - Deleting /system/system/priv-app/SamsungBilling/oat
    - Deleting /system/system/priv-app/HdmApk/oat
    - Deleting /system/system/priv-app/BuiltInPrintService/oat
    - Deleting /system/system/priv-app/CredentialManager/oat
    - Deleting /system/system/priv-app/TaskEdgePanel_v3.2/oat
    - Deleting /system/system/priv-app/VexScanner/oat
    - Deleting /system/system/priv-app/SecTrashProvider/oat
    - Deleting /system/system/priv-app/E2eeContactKeysProvider/oat
    - Deleting /system/system/priv-app/DressRoom/oat
    - Deleting /system/system/priv-app/BackupRestoreConfirmation/oat
    - Deleting /system/system/priv-app/MultiControl/oat
    - Deleting /system/system/priv-app/GooglePackageInstaller/oat
    - Deleting /system/system/priv-app/EasySetup/oat
    - Deleting /system/system/priv-app/SecSetupWizard_Global/oat
    - Deleting /system/system/priv-app/FusedLocation/oat
    - Deleting /system/system/priv-app/DeviceKeystring/oat
    - Deleting /system/system/priv-app/MmsService/oat
    - Deleting /system/system/priv-app/SmartTouchCall/oat
    - Deleting /system/system/priv-app/TeleService/oat
    - Deleting /system/system/priv-app/TalkbackSE/oat
    - Deleting /system/system/priv-app/OdaService/oat
    - Deleting /system/system/priv-app/ExternalStorageProvider/oat
    - Deleting /system/system/priv-app/AppUpdateCenter/oat
    - Deleting /system/system/priv-app/DynamicLockscreen/oat
    - Deleting /system/system/priv-app/LiveEffectService/oat
    - Deleting /system/system/priv-app/MultiSoundSetting/oat
    - Deleting /system/system/priv-app/SharedStorageBackup/oat
    - Deleting /system/system/priv-app/MediaSearch/oat
    - Deleting /system/system/priv-app/EsimKeyString/oat
    - Deleting /system/system/priv-app/KnoxERAgent/oat
    - Deleting /system/system/priv-app/VolumeMonitorProvider_B/oat
    - Deleting /system/system/priv-app/DeviceBasedServiceConsent/oat
    - Deleting /system/system/priv-app/GameOptimizingService/oat
    - Deleting /system/system/priv-app/FaceService/oat
    - Deleting /system/system/priv-app/SecTelephonyProvider/oat
    - Deleting /system/system/priv-app/SOAgent76/oat
    - Deleting /system/system/priv-app/FacAtFunction/oat
    - Deleting /system/system/priv-app/SmartThingsKit/oat
    - Deleting /system/system/priv-app/KmxService/oat
    - Deleting /system/system/priv-app/MFContents/oat
    - Deleting /system/system/priv-app/SDMConfig/oat
    - Deleting /system/system/priv-app/SoundAlive_B/oat
    - Deleting /system/system/priv-app/SmartCallProvider/oat
    - Deleting /system/system/priv-app/Crane/oat
    - Deleting /system/system/priv-app/SamsungCloudClient/oat
    - Deleting /system/system/priv-app/AudioMirroring/oat
    - Deleting /system/system/priv-app/SamsungPass/oat
    - Deleting /system/system/priv-app/PhotoRemasterService/oat
    - Deleting /system/system/priv-app/SecSettingsIntelligence/oat
    - Deleting /system/system/priv-app/ImsLogger/oat
    - Deleting /system/system/priv-app/BiometricSetting/oat
    - Deleting /system/system/priv-app/BudsUniteManager/oat
    - Deleting /system/system/priv-app/TelephonyUI/oat
    - Deleting /system/system/priv-app/SEMFactoryApp/oat
    - Deleting /system/system/priv-app/MtpService/oat
    - Deleting /system/system/priv-app/OMCAgent5/oat
    - Deleting /system/system/priv-app/IPService/oat
    - Deleting /system/system/priv-app/SecMediaProvider/oat
    - Deleting /system/system/priv-app/SamsungContacts/oat
    - Deleting /system/system/priv-app/SamsungGallery2018/oat
    - Deleting /system/system/priv-app/Tag/oat
    - Deleting /system/system/priv-app/EuiccService/oat
    - Deleting /system/system/priv-app/EarphoneTypeC/oat
    - Deleting /system/system/priv-app/SamsungDialer/oat
    - Deleting /system/system/priv-app/KnoxDesktopLauncher/oat
    - Deleting /system/system/priv-app/KnoxMposAgent/oat
    - Deleting /system/system/priv-app/OneDrive_Samsung_v3/oat
    - Deleting /system/system/priv-app/GalleryWidget/oat
    - Deleting /system/system/priv-app/AdaptSound_B/oat
    - Deleting /system/system/priv-app/MediaProviderLegacy/oat
    - Deleting /system/system/priv-app/KnoxZtFramework/oat
    - Deleting /system/system/priv-app/AREmoji/oat
    - Deleting /system/system/priv-app/DesktopModeUiService/oat
    - Deleting /system/system/priv-app/IntelligentDynamicFpsService/oat
    - Deleting /system/system/priv-app/BixbyInterpreter/oat
    - Deleting /system/system/priv-app/SecAppSeparation/oat
    - Deleting /system/system/priv-app/SamsungCarKeyFw/oat
    - Deleting /system/system/priv-app/SKMSAgent/oat
    - Deleting /system/system/priv-app/SamsungVideoPlayer/oat
    - Deleting /system/system/priv-app/CIDManager/oat
    - Deleting /system/system/priv-app/SamsungMessages/oat
    - Deleting /system/system/priv-app/SpriteWallpaper/oat
    - Deleting /system/system/priv-app/SsuService/oat
    - Deleting /system/system/priv-app/SamsungDeviceHealthManagerService/oat
    - Deleting /system/system/priv-app/ThemeStore/oat
    - Deleting /system/system/priv-app/BixbyVisionFramework3.5/oat
    - Deleting /system/system/priv-app/AirReadingGlass/oat
    - Deleting /system/system/priv-app/SamsungSeAgent/oat
    - Deleting /system/system/etc/boot-image.bprof
    - Deleting /system/system/etc/boot-image.prof
    - Deleting /system/system/framework/arm
    - Deleting /system/system/framework/arm64
    - Deleting /system/system/framework/boot-okhttp.vdex
    - Deleting /system/system/framework/boot-knoxsdk.vdex
    - Deleting /system/system/framework/boot-ims-common.vdex
    - Deleting /system/system/framework/boot-tcmiface.vdex
    - Deleting /system/system/framework/boot-telephony-ext.vdex
    - Deleting /system/system/framework/boot.vdex
    - Deleting /system/system/framework/boot-core-icu4j.vdex
    - Deleting /system/system/framework/boot-ext.vdex
    - Deleting /system/system/framework/boot-framework-graphics.vdex
    - Deleting /system/system/framework/boot-core-libart.vdex
    - Deleting /system/system/framework/boot-framework-location.vdex
    - Deleting /system/system/framework/boot-bouncycastle.vdex
    - Deleting /system/system/framework/boot-voip-common.vdex
    - Deleting /system/system/framework/boot-com.samsung.android.uwb_extras.vdex
    - Deleting /system/system/framework/boot-esecomm.vdex
    - Deleting /system/system/framework/boot-framework-ondeviceintelligence-platform.vdex
    - Deleting /system/system/framework/boot-QPerformance.vdex
    - Deleting /system/system/framework/boot-telephony-common.vdex
    - Deleting /system/system/framework/boot-framework-platformcrashrecovery.vdex
    - Deleting /system/system/framework/boot-apache-xml.vdex
    - Deleting /system/system/framework/boot-framework-adservices.vdex
    - Deleting /system/system/framework/boot-framework-nfc.vdex
    - Deleting /system/system/framework/boot-framework.vdex
    - Deleting /system/system/framework/boot-UxPerformance.vdex
    - Deleting /system_ext/framework/oat
    - Deleting /system_ext/app/QCC/oat
    - Deleting /system_ext/priv-app/GoogleFeedback/oat
    - Deleting /system_ext/priv-app/SetupWizard/oat
    - Deleting /system_ext/priv-app/SystemUI/oat
    - Deleting /system_ext/priv-app/StorageManager/oat
    - Deleting /system_ext/priv-app/com.qualcomm.location/oat
    - Deleting /system_ext/priv-app/WallpaperCropper/oat
    - Deleting /system_ext/priv-app/DckTimeSyncService/oat
    - Deleting /system_ext/priv-app/AvatarPicker/oat
    - Deleting /system_ext/priv-app/GoogleServicesFramework/oat
    - Deleting /system_ext/priv-app/com.qualcomm.qti.services.systemhelper/oat
    - Deleting /system_ext/priv-app/CarrierConfig/oat
    - Adding /system/system/etc/permissions/signature-permissions-com.samsung.android.game.gamehome.xml from prebuilts/samsung/pa2qxxx
    - Deleting "SEC_FLOATING_FEATURE_CONTEXTSERVICE_ENABLE_SURVEY_MODE" config in /system/system/etc/floating_feature.xml
    - Deleting "SEC_FLOATING_FEATURE_COMMON_CONFIG_SMARTTUTOR_PACKAGES_PATH" config in /system/system/etc/floating_feature.xml
    - Deleting /product/app/AssistantShell
    - Deleting /product/app/DuoStub
    - Deleting /product/overlay/GmsConfigOverlaySearchSelector.apk
    - Deleting /product/priv-app/SearchSelector
    - Deleting /system/dpolicy_system
    - Deleting /system/system/app/DsmsAPK
    - Deleting /system/system/app/FBAppManager_NS
    - Deleting /system/system/app/FactoryCameraFB
    - Deleting /system/system/app/FactoryAirCommandManager
    - Deleting /system/system/app/HMT
    - Deleting /system/system/app/MAPSAgent
    - Deleting /system/system/app/LiveTranscribe
    - Deleting /system/system/app/PlayAutoInstallConfig
    - Deleting /system/system/app/SamsungPassAutofill_v1
    - Deleting /system/system/app/SamsungTTSVoice_ar_AE_m00
    - Deleting /system/system/app/SamsungTTSVoice_de_DE_f00
    - Deleting /system/system/app/SamsungTTSVoice_en_GB_f00
    - Deleting /system/system/app/SamsungTTSVoice_es_ES_f00
    - Deleting /system/system/app/SamsungTTSVoice_en_US_l03
    - Deleting /system/system/app/SamsungTTSVoice_es_MX_f00
    - Deleting /system/system/app/SamsungTTSVoice_es_US_f00
    - Deleting /system/system/app/SamsungTTSVoice_fr_FR_f00
    - Deleting /system/system/app/SamsungTTSVoice_hi_IN_f00
    - Deleting /system/system/app/SamsungTTSVoice_id_ID_f00
    - Deleting /system/system/app/SamsungTTSVoice_it_IT_f00
    - Deleting /system/system/app/SamsungTTSVoice_pl_PL_f00
    - Deleting /system/system/app/SamsungTTSVoice_pt_BR_f00
    - Deleting /system/system/app/SamsungTTSVoice_ru_RU_f00
    - Deleting /system/system/app/SamsungTTSVoice_th_TH_f00
    - Deleting /system/system/app/SamsungTTSVoice_vi_VN_f00
    - Deleting /system/system/app/SmartReminder
    - Deleting /system/system/app/VoiceAccess
    - Deleting /system/system/app/WlanTest
    - Deleting /system/system/etc/default-permissions/default-permissions-com.samsung.android.messaging.xml
    - Deleting /system/system/bin/ssud
    - Deleting /system/system/etc/default-permissions/default-permissions-com.samsung.android.visualars.xml
    - Deleting /system/system/etc/default-permissions/default-permissions-com.sec.android.mimage.avatarstickers.xml
    - Deleting /system/system/etc/default-permissions/default-permissions-meta.xml
    - Deleting /system/system/etc/init/samsung_pass_authenticator_service.rc
    - Deleting /system/system/etc/init/ssu.rc
    - Deleting /system/system/etc/init/ssu_dm3qxxx.rc
    - Deleting /system/system/etc/permissions/org.carconnectivity.android.digitalkey.rangingintent.xml
    - Deleting /system/system/etc/permissions/authfw.xml
    - Deleting /system/system/etc/permissions/org.carconnectivity.android.digitalkey.secureelement.xml
    - Deleting /system/system/etc/permissions/privapp-permissions-com.mygalaxy.service.xml
    - Deleting /system/system/etc/permissions/privapp-permissions-com.microsoft.skydrive.xml
    - Deleting /system/system/etc/permissions/privapp-permissions-com.samsung.android.app.updatecenter.xml
    - Deleting /system/system/etc/permissions/privapp-permissions-com.samsung.android.aremojieditor.xml
    - Deleting /system/system/etc/permissions/privapp-permissions-com.samsung.android.authfw.xml
    - Deleting /system/system/etc/permissions/privapp-permissions-com.samsung.android.carkey.xml
    - Deleting /system/system/etc/permissions/privapp-permissions-com.samsung.android.dkey.xml
    - Deleting /system/system/etc/permissions/privapp-permissions-com.samsung.android.dqagent.xml
    - Deleting /system/system/etc/permissions/privapp-permissions-com.samsung.android.game.gamehome.xml
    - Deleting /system/system/etc/permissions/privapp-permissions-com.samsung.android.ipsgeofence.xml
    - Deleting /system/system/etc/permissions/privapp-permissions-com.samsung.android.messaging.xml
    - Deleting /system/system/etc/permissions/privapp-permissions-com.samsung.android.providers.factory.xml
    - Deleting /system/system/etc/permissions/privapp-permissions-com.samsung.android.samsungpass.xml
    - Deleting /system/system/etc/permissions/privapp-permissions-com.samsung.android.settingshelper.xml
    - Deleting /system/system/etc/permissions/privapp-permissions-com.samsung.android.spayfw.xml
    - Deleting /system/system/etc/permissions/privapp-permissions-com.samsung.android.svcagent.xml
    - Deleting /system/system/etc/permissions/privapp-permissions-com.samsung.android.visualars.xml
    - Deleting /system/system/etc/permissions/privapp-permissions-com.samsung.ssu.xml
    - Deleting /system/system/etc/permissions/privapp-permissions-com.sec.android.diagmonagent.xml
    - Deleting /system/system/etc/permissions/privapp-permissions-com.sec.android.mimage.avatarstickers.xml
    - Deleting /system/system/etc/permissions/privapp-permissions-com.sec.bcservice.xml
    - Deleting /system/system/etc/permissions/privapp-permissions-com.sec.android.soagent.xml
    - Deleting /system/system/etc/permissions/privapp-permissions-com.sec.facatfunction.xml
    - Deleting /system/system/etc/permissions/privapp-permissions-com.wssyncmldm.xml
    - Deleting /system/system/etc/permissions/privapp-permissions-meta.xml
    - Deleting /system/system/etc/permissions/signature-permissions-com.samsung.android.samsungpassautofill.xml
    - Deleting /system/system/etc/permissions/signature-permissions-com.samsung.android.samsungpass.xml
    - Deleting /system/system/etc/permissions/signature-permissions-com.samsung.android.spayfw.xml
    - Deleting /system/system/etc/permissions/signature-permissions-com.sec.android.mimage.avatarstickers.xml
    - Deleting /system/system/etc/permissions/signature-permissions-com.samsung.android.spay.xml
    - Deleting /system/system/etc/proca.db
    - Deleting /system/system/etc/sysconfig/digitalkey.xml
    - Deleting /system/system/etc/sysconfig/feature-a11y-preload-voacc.xml
    - Deleting /system/system/etc/sysconfig/feature-a11y-preload.xml
    - Deleting /system/system/etc/sysconfig/meta-hiddenapi-package-allowlist.xml
    - Deleting /system/system/etc/sysconfig/preinstalled-packages-com.mygalaxy.service.xml
    - Deleting /system/system/etc/sysconfig/preinstalled-packages-com.samsung.android.dkey.xml
    - Deleting /system/system/etc/sysconfig/preinstalled-packages-com.samsung.android.spayfw.xml
    - Deleting /system/system/etc/sysconfig/samsungauthframework.xml
    - Deleting /system/system/etc/sysconfig/samsungpassapp.xml
    - Deleting /system/system/etc/sysconfig/samsungsimunlock.xml
    - Deleting /system/system/hidden/SmartTutor
    - Deleting /system/system/etc/sysconfig/settingshelper.xml
    - Deleting /system/system/lib64/android.security.securekeygeneration-ndk.so
    - Deleting /system/system/lib64/libssu_keystore2.so
    - Deleting /system/system/preload
    - Deleting /system/system/priv-app/AREmojiEditor
    - Deleting /system/system/priv-app/AppUpdateCenter
    - Deleting /system/system/priv-app/AuthFramework
    - Deleting /system/system/priv-app/AvatarEmojiSticker
    - Deleting /system/system/priv-app/BCService
    - Deleting /system/system/priv-app/DeviceQualityAgent36
    - Deleting /system/system/priv-app/DiagMonAgent95
    - Deleting /system/system/priv-app/DigitalKey
    - Deleting /system/system/priv-app/FBInstaller_NS
    - Deleting /system/system/priv-app/FBServices
    - Deleting /system/system/priv-app/FacAtFunction
    - Deleting /system/system/priv-app/FactoryTestProvider
    - Deleting /system/system/priv-app/FotaAgent
    - Deleting /system/system/priv-app/GameHome
    - Deleting /system/system/priv-app/IpsGeofence
    - Deleting /system/system/priv-app/MyGalaxyService
    - Deleting /system/system/priv-app/OneDrive_Samsung_v3
    - Deleting /system/system/priv-app/PaymentFramework
    - Deleting /system/system/priv-app/SHClient
    - Deleting /system/system/priv-app/SOAgent76
    - Deleting /system/system/priv-app/SVCAgent
    - Deleting /system/system/priv-app/SamsungCarKeyFw
    - Deleting /system/system/priv-app/SamsungMessages
    - Deleting /system/system/priv-app/SamsungPass
    - Deleting /system/system/priv-app/SmartTouchCall
    - Deleting /system/system/priv-app/SsuService
    - Deleting /system/system/priv-app/YourPhone_P1_5
    - Deleting /system_ext/framework/org.carconnectivity.android.digitalkey.rangingintent.jar
    - Deleting /system_ext/framework/org.carconnectivity.android.digitalkey.secureelement.jar
    - Deleting /vendor/bin/install-recovery.sh
    - Deleting /vendor/etc/dpolicy
    - Deleting /vendor/etc/init/vendor_flash_recovery.rc
    - Deleting /vendor/recovery-from-boot.p
  - Processing "Debug USB" by @salvogiangri
    ! Non-debug build detected. Skipping
  - Processing "Bluetooth Library Patcher" by @3arthur6, @duhansysl
    - Extracting libbluetooth_jni.so from com.android.bt.apex
      - Adding metadata for /system/lib64/libbluetooth_jni.so (uid:0 gid:0 mode:644 selabel:u:object_r:system_lib_file:s0)
    - Patching "2897773948050037" to "289777392a000014" in /system/system/lib64/libbluetooth_jni.so
  - Processing "Camera patches" by @salvogiangri
    - Deleting /system/system/cameradata/portrait_data
    - Adding /system/system/cameradata/portrait_data from out/fw/SM-S918B_EUX
    - Adding /system/system/cameradata/singletake/service-feature.xml from out/fw/SM-S918B_EUX
    - Adding /system/system/cameradata/aremoji-feature.xml from out/fw/SM-S918B_EUX
    - Adding /system/system/cameradata/camera-feature.xml
  - Processing "DVFS patches" by @salvogiangri, @ata-kaner
    ! Nothing to do
  - Processing "eSE patches" by @salvogiangri
    ! Nothing to do
  - Processing "Legacy patches" by @salvogiangri
    ! Nothing to do
  - Processing "Misc patches" by @salvogiangri
    - Replacing "ro.oem_unlock_supported" prop with "0" in /system/system/build.prop
    - Replacing "ro.oem_unlock_supported" prop with "0" in /vendor/build.prop
    - Decoding /system/system/framework/framework.jar
    - Replacing value "ro.product.model" of method "<clinit>()V" in /system/system/framework/framework.jar/smali_classes6/com/samsung/android/rune/CoreRune.smali with "ro.product.vendor.model"
    - Replacing value "ro.product.device" of method "<clinit>()V" in /system/system/framework/framework.jar/smali_classes6/com/samsung/android/rune/CoreRune.smali with "ro.product.vendor.device"
    - Decoding /system/system/framework/services.jar
    - Replacing return value of method "-$$Nest$smisDisabled()Z" in /system/system/framework/services.jar/smali/com/android/server/RescueParty.smali to "const/4 v0, 0x1"
    - Replacing value "ro.product.model" of method "<clinit>()V" in /system/system/framework/services.jar/smali/com/android/server/am/FreecessController.smali with "ro.product.vendor.model"
    - Applying "Disable vendor mismatch warning" to /system/system/framework/services.jar
  - Processing "NFC patches" by @salvogiangri
    - Adding /system/system/etc/libnfc-nci.conf from out/fw/SM-S918B_EUX
    - Adding /system/system/etc/libnfc-nci_temp.conf from out/fw/SM-S918B_EUX
  - Processing "PROCA kernel patch" by @salvogiangri
    - Extracting boot.img
    - Patching PROCA offset in kernel image header
    - Patching "70726f63615f636f6e66696700" to "6675636b5f755f73616d6d7900" in kernel image
    - Repacking boot.img
  - Processing "SEC Product Feature patches" by @salvogiangri
  - Processing "/product RRO configs" by @salvogiangri
    ! Nothing to do
  - Processing "SELinux fix" by @ShaDisNX255, @Fede2782
  - Processing "Platform signature spoof" by @salvogiangri, @ata-kaner
    - Applying "Allow custom platform signature" to /system/system/framework/services.jar
  - Processing "S Pen blobs" by @salvogiangri
  - Processing "Stock blobs" by @salvogiangri
    - Adding /system/system/etc/saiv/image_understanding/db/aic_classifier/aic_classifier_cnn.info from out/fw/SM-S918B_EUX
    - Adding /system/system/etc/saiv/image_understanding/db/aic_detector/aic_detector_cnn.info from out/fw/SM-S918B_EUX
    - Adding /system/system/media/bootsamsung.qmg from out/fw/SM-S918B_EUX
    - Adding /system/system/media/bootsamsungloop.qmg from out/fw/SM-S918B_EUX
    - Adding /system/system/media/shutdown.qmg from out/fw/SM-S918B_EUX
    - Decoding /system/system/priv-app/SohService/SohService.apk
    - Adding target BSOH blobs
    - Deleting /system/system/saiv
    - Adding /system/system/saiv from out/fw/SM-S918B_EUX
    - Adding /system/system/saiv/image_understanding/db/smartscan_rectifier from out/fw/SM-S918B_EUX
    - Adding /vendor/saiv/image_understanding/db/smartscan_rectifier from out/fw/SM-S918B_EUX
    - Deleting /system/system/saiv/textrecognition
    - Adding /system/system/saiv/textrecognition from out/fw/SM-S918B_EUX
  - Processing "UWB blobs" by @salvogiangri
  - Processing "Vendor interface objects blobs" by @salvogiangri
    - Adding /system/system/etc/vintf/compatibility_matrix.device.xml
    - Adding /system/system/etc/vintf/manifest.xml from out/fw/SM-S918B_EUX
  - Processing "VNDK" by @salvogiangri, @Fede2782
    ! Nothing to do
Applying ROM mods
  - Processing "PM Block List" by @salvogiangri
    - Adding /system/system from unica/mods/blocklist
    - Deleting /system/system/etc/ldu_blocklist.xml
    - Applying "Allow custom PackageBlockListPolicy" to /system/system/framework/services.jar
    - Removing "smali_classes2/com/samsung/android/server/pm/install/PackageBlockListPolicy$1.smali" from /system/system/framework/services.jar
  - Processing "2024 boot animation" by @salvogiangri
(scripts/internal/apply_modules.sh:61:source) No boot animation blobs available for 1440x3088 resolution. Skipping
  - Processing "Custom boot sound" by @salvogiangri
    - Adding /system/system from unica/mods/bootsound
    - Adding "persist.sys.unica.bootsound" prop with "true" in /system/system/build.prop
  - Processing "2018 call sounds" by @salvogiangri
    - Decoding /system/system/priv-app/Telecom/Telecom.apk
    - Adding 2018 call connect/disconnect sounds
  - Processing "UN1CA Updates" by @salvogiangri
    ! Build is not official. Skipping
    - Decoding /system/system/priv-app/SecSettings/SecSettings.apk
    - Applying "Launch UN1CA Updates from suggestions" to /system/system/priv-app/SecSettings/SecSettings.apk
  - Processing "CSC mods" by @salvogiangri
    - Replacing return value of method "isBrazilianCountryISO()Z" in /system/system/framework/framework.jar/smali_classes6/com/samsung/android/globalactions/util/SystemPropertiesWrapper.smali to "const/4 p0, 0x1"
    - Decoding /system_ext/priv-app/SystemUI/SystemUI.apk
    - Replacing return value of method "isSupportPowerOffLock()Z" in /system_ext/priv-app/SystemUI/SystemUI.apk/smali/com/android/systemui/bixby2/controller/DeviceController.smali to "const/4 p0, 0x1"
    - Replacing return value of method "getAvailabilityStatus()I" in /system/system/priv-app/SecSettings/SecSettings.apk/smali_classes4/com/samsung/android/settings/homepage/TopLevelRemoteSupportPreferenceController.smali to "const/4 p0, 0x3"
    - Applying "Enable real time network speed in status bar" to /system_ext/priv-app/SystemUI/SystemUI.apk
    - Applying "Enable Smart View tile visibility settings" to /system_ext/priv-app/SystemUI/SystemUI.apk
    - Applying "Introduce CscFeatureHooks" to /system/system/framework/framework.jar
    - Applying "Enable real time network speed in status bar" to /system/system/priv-app/SecSettings/SecSettings.apk
    - Applying "Enable Power off lock feature" to /system/system/priv-app/SecSettings/SecSettings.apk
    - Applying "Enable quick switch to Secure Folder feature" to /system/system/priv-app/SecSettings/SecSettings.apk
  - Processing "Dual Messenger for all apps" by @DavidArsene
    - Decoding /system/system/app/DAAgent/DAAgent.apk
    - Applying "Allow all apps in Dual Messenger" to /system/system/app/DAAgent/DAAgent.apk
  - Processing "Nuke Knox" by @salvogiangri
    - Deleting "security.mdf.result" prop in /system/system/build.prop
    - Deleting "security.mdf" prop in /system/system/build.prop
    - Deleting "ro.security.mdf.ver" prop in /system/system/build.prop
    - Deleting "ro.security.mdf.release" prop in /system/system/build.prop
    - Deleting "ro.security.wlan.ver" prop in /system/system/build.prop
    - Deleting "ro.security.wlan.release" prop in /system/system/build.prop
    - Deleting "ro.security.bt.ver" prop in /system/system/build.prop
    - Deleting "ro.security.bt.release" prop in /system/system/build.prop
    - Deleting "ro.security.bio.ver" prop in /system/system/build.prop
    - Deleting "ro.security.bio.release" prop in /system/system/build.prop
    - Deleting "ro.security.mdf.ux" prop in /system/system/build.prop
    - Replacing "ro.security.fips.ux" prop with "Disabled" in /system/system/build.prop
    - Deleting "ro.security.fips_bssl.ver" prop in /system/system/build.prop
    - Replacing "ro.config.dmverity" prop with "N" in /system/system/build.prop
    - Deleting "ro.security.ai.privacy" prop in /system/system/build.prop
    - Deleting "ro.security.fips_skc.ver" prop in /vendor/build.prop
    - Deleting "ro.security.fips_scrypto.ver" prop in /vendor/build.prop
    - Deleting /system/system/app/BlockchainBasicKit
    - Adding /system/system/bin/installd from prebuilts/samsung/a73xqxx
    - Adding /system/system/bin/vdc from prebuilts/samsung/a73xqxx
    - Adding /system/system/bin/vold from prebuilts/samsung/a73xqxx
    - Deleting /system/system/bin/dualdard
(unica/mods/deknox/customize.sh:32:DELETE_FROM_WORK_DIR) File not found: /system/system/bin/sdp_cryptod
    - Deleting /system/system/etc/init/dualdard.rc
    - Deleting /system/system/etc/init/kpp.init.rc
    - Deleting /system/system/etc/init/kss.init.rc
(unica/mods/deknox/customize.sh:36:DELETE_FROM_WORK_DIR) File not found: /system/system/etc/init/sdp_cryptod.rc
    - Deleting /system/system/etc/permissions/privapp-permissions-com.samsung.android.hdmapp.xml
    - Deleting /system/system/etc/permissions/privapp-permissions-com.samsung.android.kgclient.xml
    - Deleting /system/system/etc/permissions/privapp-permissions-com.samsung.android.knox.kfbp.xml
    - Deleting /system/system/etc/permissions/privapp-permissions-com.samsung.android.knox.knnr.xml
    - Deleting /system/system/etc/permissions/privapp-permissions-com.samsung.android.knox.mpos.xml
    - Deleting /system/system/etc/permissions/privapp-permissions-com.samsung.android.knox.pushmanager.xml
    - Deleting /system/system/etc/permissions/privapp-permissions-com.samsung.android.knox.sandbox.xml
    - Deleting /system/system/etc/permissions/privapp-permissions-com.samsung.android.knox.zt.framework.xml
    - Deleting /system/system/etc/permissions/signature-permissions-com.samsung.android.kgclient.xml
    - Deleting /system/system/etc/sysconfig/preinstalled-packages-com.samsung.android.coldwalletservice.xml
    - Deleting /system/system/lib/android.hardware.weaver@1.0.so
    - Deleting /system/system/lib/hidl_comm_ddar_client.so
    - Adding /system/system/lib/libandroid_servers.so from prebuilts/samsung/a73xqxx
    - Deleting /system/system/lib/libdualdar.so
    - Deleting /system/system/lib/libepm.so
    - Deleting /system/system/lib/libhermes_cred.so
    - Deleting /system/system/lib/libkeyutils.so
    - Deleting /system/system/lib/libknox_filemanager.so
    - Adding /system/system/lib/libmdf.so from prebuilts/samsung/a73xqxx
(unica/mods/deknox/customize.sh:56:DELETE_FROM_WORK_DIR) File not found: /system/system/lib/libmdfpp_req.so
    - Deleting /system/system/lib/libpersona.so
(unica/mods/deknox/customize.sh:58:DELETE_FROM_WORK_DIR) File not found: /system/system/lib/libsdp_crypto.so
(unica/mods/deknox/customize.sh:59:DELETE_FROM_WORK_DIR) File not found: /system/system/lib/libsdp_kekm.so
(unica/mods/deknox/customize.sh:60:DELETE_FROM_WORK_DIR) File not found: /system/system/lib/libsdp_sdk.so
    - Adding /system/system/lib/libsqlite.so from prebuilts/samsung/a73xqxx
    - Deleting /system/system/lib/vendor.samsung.hardware.tlc.ddar@1.0.so
    - Deleting /system/system/lib64/android.hardware.weaver@1.0.so
    - Deleting /system/system/lib64/hidl_comm_ddar_client.so
    - Adding /system/system/lib64/libandroid_servers.so from prebuilts/samsung/a73xqxx
    - Deleting /system/system/lib64/libdualdar.so
    - Adding /system/system/lib64/libepm.so from prebuilts/samsung/a73xqxx
    - Adding /system/system/lib64/libmdf.so from prebuilts/samsung/a73xqxx
(unica/mods/deknox/customize.sh:69:DELETE_FROM_WORK_DIR) File not found: /system/system/lib64/libmdfpp_req.so
(unica/mods/deknox/customize.sh:70:DELETE_FROM_WORK_DIR) File not found: /system/system/lib64/libsdp_crypto.so
(unica/mods/deknox/customize.sh:71:DELETE_FROM_WORK_DIR) File not found: /system/system/lib64/libsdp_kekm.so
(unica/mods/deknox/customize.sh:72:DELETE_FROM_WORK_DIR) File not found: /system/system/lib64/libsdp_sdk.so
    - Adding /system/system/lib64/libsqlite.so from prebuilts/samsung/a73xqxx
    - Deleting /system/system/lib64/vendor.samsung.hardware.tlc.ddar@1.0.so
    - Deleting /system/system/priv-app/HdmApk
    - Deleting /system/system/priv-app/KnoxFrameBufferProvider
    - Deleting /system/system/priv-app/KnoxGuard
    - Deleting /system/system/priv-app/KnoxMposAgent
    - Deleting /system/system/priv-app/KnoxNeuralNetworkRuntime
    - Deleting /system/system/priv-app/KnoxPushManager
    - Deleting /system/system/priv-app/KnoxSandbox
    - Deleting /system/system/priv-app/KnoxZtFramework
    - Adding /system/system/bin/apexd from prebuilts/samsung/a73xqxx
    - Adding /system/system/bin/gsid from prebuilts/samsung/a73xqxx
    - Adding /system/system/lib/service.incremental.so from prebuilts/samsung/a73xqxx
    - Adding /system/system/lib64/service.incremental.so from prebuilts/samsung/a73xqxx
    ! Nothing to do
    - Applying "Add token argument in unlockCeStorage" to /system/system/framework/framework.jar
    - Applying "Add token argument in unlockCeStorage" to /system/system/framework/services.jar
    - Replacing SourceFile attribute in /system/system/framework/services.jar
    - Decoding /system/system/app/Traceur/Traceur.apk
    - Applying "Nuke Knox DualDAR" to /system/system/app/Traceur/Traceur.apk
    - Applying "Nuke Knox DualDAR" to /system/system/framework/framework.jar
    - Applying "Nuke MDF" to /system/system/framework/framework.jar
    - Decoding /system/system/framework/knoxsdk.jar
    - Applying "Nuke Knox DualDAR" to /system/system/framework/knoxsdk.jar
    - Applying "Nuke Knox DualDAR" to /system/system/framework/services.jar
    - Decoding /system/system/priv-app/DeviceDiagnostics/DeviceDiagnostics.apk
    - Applying "Nuke Knox DualDAR" to /system/system/priv-app/DeviceDiagnostics/DeviceDiagnostics.apk
    - Decoding /system/system/priv-app/KnoxCore/KnoxCore.apk
    - Applying "Nuke Knox DualDAR" to /system/system/priv-app/KnoxCore/KnoxCore.apk
    - Decoding /system/system/priv-app/ManagedProvisioning/ManagedProvisioning.apk
    - Applying "Nuke Knox DualDAR" to /system/system/priv-app/ManagedProvisioning/ManagedProvisioning.apk
    - Applying "Nuke Knox DualDAR" to /system/system/priv-app/SecSettings/SecSettings.apk
    - Decoding /system/system/priv-app/SecSettingsIntelligence/SecSettingsIntelligence.apk
    - Applying "Nuke Knox DualDAR" to /system/system/priv-app/SecSettingsIntelligence/SecSettingsIntelligence.apk
    - Decoding /system_ext/priv-app/StorageManager/StorageManager.apk
    - Applying "Nuke Knox DualDAR" to /system_ext/priv-app/StorageManager/StorageManager.apk
    - Applying "Nuke Knox HDM" to /system/system/app/Traceur/Traceur.apk
    - Applying "Nuke Knox HDM" to /system/system/framework/knoxsdk.jar
    - Applying "Nuke Knox HDM" to /system/system/framework/services.jar
    - Applying "Nuke Knox HDM" to /system/system/priv-app/DeviceDiagnostics/DeviceDiagnostics.apk
    - Applying "Nuke Knox HDM" to /system/system/priv-app/ManagedProvisioning/ManagedProvisioning.apk
    - Applying "Nuke Knox HDM" to /system/system/priv-app/SecSettings/SecSettings.apk
    - Applying "Nuke Knox HDM" to /system/system/priv-app/SecSettingsIntelligence/SecSettingsIntelligence.apk
    - Applying "Nuke Knox HDM" to /system_ext/priv-app/StorageManager/StorageManager.apk
    - Replacing return value of method "isBldpEventSupported()Z" in /system/system/app/Traceur/Traceur.apk/smali/com/samsung/android/knox/integrity/EnhancedAttestationPolicy.smali to "const/4 p0, 0x0"
    - Replacing return value of method "isBldpEventSupported()Z" in /system/system/framework/knoxsdk.jar/smali/com/samsung/android/knox/integrity/EnhancedAttestationPolicy.smali to "const/4 p0, 0x0"
    - Replacing return value of method "isBldpEventSupported()Z" in /system/system/priv-app/DeviceDiagnostics/DeviceDiagnostics.apk/smali/com/samsung/android/knox/integrity/EnhancedAttestationPolicy.smali to "const/4 p0, 0x0"
    - Replacing return value of method "isBldpEventSupported()Z" in /system/system/priv-app/ManagedProvisioning/ManagedProvisioning.apk/smali/com/samsung/android/knox/integrity/EnhancedAttestationPolicy.smali to "const/4 p0, 0x0"
    - Replacing return value of method "isBldpEventSupported()Z" in /system/system/priv-app/SecSettings/SecSettings.apk/smali_classes4/com/samsung/android/knox/integrity/EnhancedAttestationPolicy.smali to "const/4 p0, 0x0"
    - Replacing return value of method "isBldpEventSupported()Z" in /system/system/priv-app/SecSettingsIntelligence/SecSettingsIntelligence.apk/smali_classes2/com/samsung/android/knox/integrity/EnhancedAttestationPolicy.smali to "const/4 p0, 0x0"
    - Replacing return value of method "isBldpEventSupported()Z" in /system_ext/priv-app/StorageManager/StorageManager.apk/smali/com/samsung/android/knox/integrity/EnhancedAttestationPolicy.smali to "const/4 p0, 0x0"
    - Replacing return value of method "isBldpEventSupported()Z" in /system_ext/priv-app/SystemUI/SystemUI.apk/smali_classes4/com/samsung/android/knox/integrity/EnhancedAttestationPolicy.smali to "const/4 p0, 0x0"
    - Replacing return value of method "isMposSupported()Z" in /system/system/app/Traceur/Traceur.apk/smali/com/samsung/android/knox/integrity/EnhancedAttestationPolicy.smali to "const/4 p0, 0x0"
    - Replacing return value of method "isMposSupported()Z" in /system/system/framework/knoxsdk.jar/smali/com/samsung/android/knox/integrity/EnhancedAttestationPolicy.smali to "const/4 p0, 0x0"
    - Replacing return value of method "isMposSupported()Z" in /system/system/priv-app/DeviceDiagnostics/DeviceDiagnostics.apk/smali/com/samsung/android/knox/integrity/EnhancedAttestationPolicy.smali to "const/4 p0, 0x0"
    - Replacing return value of method "isMposSupported()Z" in /system/system/priv-app/ManagedProvisioning/ManagedProvisioning.apk/smali/com/samsung/android/knox/integrity/EnhancedAttestationPolicy.smali to "const/4 p0, 0x0"
    - Replacing return value of method "isMposSupported()Z" in /system/system/priv-app/SecSettings/SecSettings.apk/smali_classes4/com/samsung/android/knox/integrity/EnhancedAttestationPolicy.smali to "const/4 p0, 0x0"
    - Replacing return value of method "isMposSupported()Z" in /system/system/priv-app/SecSettingsIntelligence/SecSettingsIntelligence.apk/smali_classes2/com/samsung/android/knox/integrity/EnhancedAttestationPolicy.smali to "const/4 p0, 0x0"
    - Replacing return value of method "isMposSupported()Z" in /system_ext/priv-app/StorageManager/StorageManager.apk/smali/com/samsung/android/knox/integrity/EnhancedAttestationPolicy.smali to "const/4 p0, 0x0"
    - Replacing return value of method "isMposSupported()Z" in /system_ext/priv-app/SystemUI/SystemUI.apk/smali_classes4/com/samsung/android/knox/integrity/EnhancedAttestationPolicy.smali to "const/4 p0, 0x0"
    - Applying "Disable KnoxGuard" to /system/system/framework/services.jar
    - Applying "Nuke Knox Matrix AI Privacy" to /system/system/framework/framework.jar
    - Deleting "SEC_FLOATING_FEATURE_FRAMEWORK_SUPPORT_BLOCKCHAIN_SERVICE" config in /system/system/etc/floating_feature.xml
    - Replacing all occurrences of "SERVICE_SAMSUNG_BLOCKCHAIN:Z = true" with "SERVICE_SAMSUNG_BLOCKCHAIN:Z = false" in /system/system/framework/framework.jar/smali_classes6/com/samsung/android/ProductPackagesRune.smali
    - Applying "Nuke BlockchainTZService" to /system/system/framework/services.jar
    - Restoring original SourceFile attribute in /system/system/framework/services.jar
  - Processing "EROFS support" by @salvogiangri, @utkustnr
    ! Nothing to do
  - Processing "Games FPS unlocker" by @someone5678
    - Applying "Introduce GamesPropsUtils" to /system/system/framework/framework.jar
  - Processing "Hide My Applist" by @salvogiangri, @someone5678
    - Applying "Introduce HideAppListUtils" to /system/system/framework/framework.jar
    - Applying "Introduce HideAppListUtils" to /system/system/framework/services.jar
  - Processing "Key attestation spoof" by @salvogiangri, @HELLBOY017
    - Applying "Introduce KeyboxImitationHooks" to /system/system/framework/framework.jar
  - Processing "KnoxPatch" by @salvogiangri
    - Deleting "ro.config.iccc_version" prop in /system/system/build.prop
    - Adding "wlan.wfd.hdcp" prop with "disable" in /system/system/build.prop
    - Deleting /system/system/etc/public.libraries-wsm.samsung.txt
    - Deleting /system/system/lib/libhal.wsm.samsung.so
    - Deleting /system/system/lib/vendor.samsung.hardware.security.wsm.service-V1-ndk.so
    - Deleting /system/system/lib64/libhal.wsm.samsung.so
    - Deleting /system/system/lib64/vendor.samsung.hardware.security.wsm.service-V1-ndk.so
    - Applying "Introduce KnoxPatchHooks" to /system/system/framework/framework.jar
    - Applying "Introduce KnoxPatchHooks" to /system/system/framework/knoxsdk.jar
    - Decoding /system/system/framework/samsungkeystoreutils.jar
    - Replacing return value of method "isVerifiableIntegrity()Z" in /system/system/framework/samsungkeystoreutils.jar/smali/com/samsung/android/security/keystore/AttestParameterSpec.smali to "const/4 p0, 0x1"
    - Applying "Bypass ICD verification" to /system/system/framework/services.jar
    - Applying "Disable SAK in DarManagerService" to /system/system/framework/services.jar
    - Removing "smali/com/android/server/knox/dar/AttestedCertParser.smali" from /system/system/framework/services.jar
    - Removing "smali/com/android/server/knox/dar/IntegrityStatus.smali" from /system/system/framework/services.jar
    - Removing "smali/com/android/server/knox/dar/Asn1Utils.smali" from /system/system/framework/services.jar
    - Removing "smali/com/android/server/knox/dar/AuthResult.smali" from /system/system/framework/services.jar
    - Replacing return value of method "isRootedDevice()Z" in /system/system/framework/services.jar/smali/com/android/server/StorageManagerService.smali to "const/4 v0, 0x0"
    - Downloading latest Knox Matrix app
    - Decoding /system/system/priv-app/KmxService/KmxService.apk
    - Replacing return value of method "getVerifiedBootState()I" in /system/system/priv-app/KmxService/KmxService.apk/smali/com/samsung/android/kmxservice/common/util/RootOfTrust.smali to "const/4 p0, 0x0"
    - Replacing return value of method "isDeviceLocked()Z" in /system/system/priv-app/KmxService/KmxService.apk/smali/com/samsung/android/kmxservice/common/util/RootOfTrust.smali to "const/4 p0, 0x1"
    - Replacing return value of method "getVerifiedBootState()I" in /system/system/priv-app/KmxService/KmxService.apk/smali/com/samsung/android/kmxservice/fabrickeystore/keystore/cert/RootOfTrust.smali to "const/4 p0, 0x0"
    - Replacing return value of method "isDeviceLocked()Z" in /system/system/priv-app/KmxService/KmxService.apk/smali/com/samsung/android/kmxservice/fabrickeystore/keystore/cert/RootOfTrust.smali to "const/4 p0, 0x1"
    - Replacing return value of method "getVerifiedBootState()I" in /system/system/priv-app/KmxService/KmxService.apk/smali/com/samsung/android/kmxservice/sdk/trustchain/util/RootOfTrust.smali to "const/4 p0, 0x0"
    - Replacing return value of method "isDeviceLocked()Z" in /system/system/priv-app/KmxService/KmxService.apk/smali/com/samsung/android/kmxservice/sdk/trustchain/util/RootOfTrust.smali to "const/4 p0, 0x1"
    - Replacing return value of method "getStatus()I" in /system/system/priv-app/KmxService/KmxService.apk/smali/com/samsung/android/kmxservice/common/util/IntegrityStatus.smali to "const/4 p0, 0x0"
    - Replacing return value of method "isNormal()Z" in /system/system/priv-app/KmxService/KmxService.apk/smali/com/samsung/android/kmxservice/common/util/IntegrityStatus.smali to "const/4 p0, 0x1"
    - Replacing return value of method "isNormal()Z" in /system/system/priv-app/KmxService/KmxService.apk/smali/com/samsung/android/kmxservice/fabrickeystore/keystore/cert/IntegrityStatus.smali to "const/4 p0, 0x1"
    - Replacing return value of method "getStatus()I" in /system/system/priv-app/KmxService/KmxService.apk/smali/com/samsung/android/kmxservice/sdk/trustchain/util/IntegrityStatus.smali to "const/4 p0, 0x0"
    - Replacing return value of method "isNormal()Z" in /system/system/priv-app/KmxService/KmxService.apk/smali/com/samsung/android/kmxservice/sdk/trustchain/util/IntegrityStatus.smali to "const/4 p0, 0x1"
  - Processing "Monotype Patcher" by @KhunHtetzNaing
    - Replacing return value of method "isInvalidFont(Landroid/content/Context;Ljava/lang/String;)Z" in /system/system/priv-app/SecSettings/SecSettings.apk/smali_classes4/com/samsung/android/settings/display/SecDisplayUtils.smali to "const/4 p0, 0x0"
  - Processing "Multi-user support" by @salvogiangri
    - Applying "Enable multi user support" to /system/system/framework/framework.jar
  - Processing "Outdoor mode" by @salvogiangri
    - Replacing return value of method "isAvailable()Z" in /system/system/priv-app/SecSettings/SecSettings.apk/smali_classes4/com/samsung/android/settings/display/controller/SecOutDoorModePreferenceController.smali to "const/4 p0, 0x1"
  - Processing "Paradigm features" by @salvogiangri, @utkustnr, @yagzie
    - Adding "ro.unica.codename" prop with "Paradigm" in /system/system/build.prop
    - Adding 2025 Audio Pack
(unica/mods/paradigm/customize.sh:10:DELETE_FROM_WORK_DIR) File not found: /system/system/hidden/INTERNAL_SDCARD/Music/Samsung/Over_the_Horizon.mp3
      - Adding /system/system/hidden/INTERNAL_SDCARD/Music/Samsung/Over_the_Horizon.m4a from prebuilts/samsung/pa2qxxx
      - Deleting /system/system/media/audio/notifications
      - Deleting /system/system/media/audio/ringtones
      - Adding /system/system/etc/ringtones_count_list.txt from prebuilts/samsung/pa2qxxx
      - Adding /system/system/media/audio/notifications from prebuilts/samsung/pa2qxxx
      - Adding /system/system/media/audio/ringtones from prebuilts/samsung/pa2qxxx
      - Replacing "ro.config.ringtone" prop with "ACH_Galaxy_Bells.ogg" in /vendor/build.prop
      - Replacing "ro.config.notification_sound" prop with "ACH_Brightline.ogg" in /vendor/build.prop
      - Replacing "ro.config.alarm_alert" prop with "ACH_Morning_Xylophone.ogg" in /vendor/build.prop
      - Replacing "ro.config.media_sound" prop with "Media_preview_Over_the_horizon.ogg" in /vendor/build.prop
      - Replacing "ro.config.ringtone_2" prop with "ACH_Atomic_Bell.ogg" in /vendor/build.prop
      - Replacing "ro.config.notification_sound_2" prop with "ACH_Three_Star.ogg" in /vendor/build.prop
      - Adding /system/system/media/audio/ui/Media_preview_Over_the_horizon.ogg from prebuilts/samsung/pa2qxxx
      - Decoding /system/system/priv-app/SecSoundPicker/SecSoundPicker.apk
      - Applying "Enable SUPPORT_SAMSUNG_BRAND_SOUND_ONEUI_7" to /system/system/priv-app/SecSoundPicker/SecSoundPicker.apk
    - Adding Adaptive colour tone feature
      - Adding /system/system/etc/permissions/privapp-permissions-com.samsung.android.sead.xml from prebuilts/samsung/pa2qxxx
      - Adding /system/system/priv-app/EnvironmentAdaptiveDisplay/EnvironmentAdaptiveDisplay.apk from prebuilts/samsung/pa2qxxx
      - Applying "Add Adaptive color tone feature" to /system/system/framework/services.jar
      - Applying "Add Adaptive color tone feature" to /system/system/priv-app/SecSettings/SecSettings.apk
      - Decoding /system/system/priv-app/SettingsProvider/SettingsProvider.apk
      - Applying "Add Adaptive color tone feature" to /system/system/priv-app/SettingsProvider/SettingsProvider.apk
      - Applying "Add Adaptive color tone toggle" to /system_ext/priv-app/SystemUI/SystemUI.apk
    - Replacing "SEC_FLOATING_FEATURE_COMMON_CONFIG_AI_VERSION" config with "20253" in /system/system/etc/floating_feature.xml
    - Adding /system/system/app/SketchBook/SketchBook.apk from prebuilts/samsung/pa2qxxx
    - Adding Media Context Analyzer feature
      - Adding /system/system/etc/mediacontextanalyzer/Detection.tflite from prebuilts/samsung/a56xnaxx
      - Adding /system/system/etc/mediacontextanalyzer/human-pet-det_SR-V131.tflite from prebuilts/samsung/a56xnaxx
      - Adding /system/system/etc/mediacontextanalyzer/human-pet-pose_SR-V200.tflite from prebuilts/samsung/a56xnaxx
      - Adding /system/system/etc/mediacontextanalyzer/Keyword.tflite from prebuilts/samsung/a56xnaxx
      - Adding /system/system/etc/mediacontextanalyzer/keyword-classification_SR-V031.tflite from prebuilts/samsung/a56xnaxx
      - Adding metadata for /system/etc/mediacontextanalyzer/Pose.tflite (uid:0 gid:0 mode:644 selabel:u:object_r:system_file:s0)
      - Adding /system/system/lib64/libcontextanalyzer_jni.media.samsung.so from prebuilts/samsung/a56xnaxx
      - Adding /system/system/lib64/libmediacontextanalyzer.so from prebuilts/samsung/a56xnaxx
      - Adding /system/system/lib64/libvideo-highlight-arm64-v8a.so from prebuilts/samsung/a56xnaxx
      - Adding "SEC_FLOATING_FEATURE_MMFW_CONFIG_MEDIA_CONTEXT_ANALYZER_CORE" config with "GPU" in /system/system/etc/floating_feature.xml
      - Adding "SEC_FLOATING_FEATURE_MMFW_SUPPORT_MEDIA_CONTEXT_ANALYZER" config with "TRUE" in /system/system/etc/floating_feature.xml
    - Adding Audio eraser feature
      - Adding /system/system/etc/audio_ae_intervals.conf from prebuilts/samsung/pa2qxxx
      - Adding /system/system/etc/fastScanner.tflite from prebuilts/samsung/pa2qxxx
      - Adding /system/system/etc/mss_v0.13.0_4ch.sorione from prebuilts/samsung/pa2qxxx
      - Adding /system/system/etc/public.libraries-audio.samsung.txt from prebuilts/samsung/pa2qxxx
      - Adding /system/system/lib64/libmediasndk.mediacore.samsung.so from prebuilts/samsung/pa2qxxx
      - Adding /system/system/lib64/libmediasndk.so from prebuilts/samsung/pa2qxxx
      - Adding /system/system/lib64/libmultisourceseparator.audio.samsung.so from prebuilts/samsung/pa2qxxx
      - Adding /system/system/lib64/libmultisourceseparator.so from prebuilts/samsung/pa2qxxx
      - Adding /system/system/lib64/libsbs.so from prebuilts/samsung/pa2qxxx
      - Adding /system/system/lib64/libtensorflowlite_gpu_delegate.so from prebuilts/samsung/pa2qxxx
      - Adding /system/system/lib64/libveframework.videoeditor.samsung.so from prebuilts/samsung/pa2qxxx
      - Adding "SEC_FLOATING_FEATURE_AUDIO_CONFIG_MULTISOURCE_SEPARATOR" config with "{FastScanning_6, SourceSeparator_4, Version_1.3.0}" in /system/system/etc/floating_feature.xml
    - Adding Now brief feature
      - Adding /system/system/etc/default-permissions/default-permissions-com.samsung.android.app.moments.xml from prebuilts/samsung/pa2qxxx
      - Adding /system/system/etc/permissions/privapp-permissions-com.samsung.android.app.moments.xml from prebuilts/samsung/pa2qxxx
      - Adding /system/system/etc/sysconfig/moments.xml from prebuilts/samsung/pa2qxxx
      - Adding /system/system/priv-app/Moments/Moments.apk from prebuilts/samsung/pa2qxxx
      - Downloading Smart suggestions app with full-global-release flavor
      - Adding "SEC_FLOATING_FEATURE_FRAMEWORK_SUPPORT_PERSONALIZED_DATA_CORE" config with "TRUE" in /system/system/etc/floating_feature.xml
    - Adding Semantic search feature
      - Adding /system/system/etc/default-permissions/default-permissions-com.samsung.mediasearch.xml from prebuilts/samsung/pa2qxxx
      - Adding /system/system/etc/mediasearch/data/dec_adaptor.tflite from prebuilts/samsung/pa2qxxx
      - Adding /system/system/etc/mediasearch/data/dec_event.tflite from prebuilts/samsung/pa2qxxx
      - Adding /system/system/etc/mediasearch/data/enc_image.tflite from prebuilts/samsung/pa2qxxx
      - Adding /system/system/etc/mediasearch/data/enc_text.tflite from prebuilts/samsung/pa2qxxx
      - Adding /system/system/etc/mediasearch/data/versioninfo.json from prebuilts/samsung/pa2qxxx
      - Adding /system/system/etc/permissions/privapp-permissions-com.samsung.mediasearch.xml from prebuilts/samsung/pa2qxxx
      - Adding /system/system/priv-app/MediaSearch/MediaSearch.apk from prebuilts/samsung/pa2qxxx
      - Adding /system/system/priv-app/SemanticSearchCore/SemanticSearchCore.apk from prebuilts/samsung/pa2qxxx
      - Enabling Semantic search feature in /system/system/priv-app/SecSettingsIntelligence/SecSettingsIntelligence.apk
      - Replacing "SEC_FLOATING_FEATURE_MSCH_SUPPORT_NLSEARCH" config with "TRUE" in /system/system/etc/floating_feature.xml
    - Downloading latest Game Booster app
    - Adding Others Libs
      - Adding /system/system/lib64/libphotohdr.so from prebuilts/samsung/pa2qxxx
      - Adding /system/system/lib64/libsimba.media.samsung.so from prebuilts/samsung/pa2qxxx
      - Adding /system/system/lib64/libDocColorEnhance.camera.samsung.so from prebuilts/samsung/pa2qxxx
      - Adding /system/system/lib64/libDocColorEnhance_Auto.camera.samsung.so from prebuilts/samsung/pa2qxxx
      - Adding /system/system/lib64/libWineDetector_v1.camera.samsung.so from prebuilts/samsung/pa2qxxx
      - Adding /system/system/lib64/libarcsoft_dualcam_portraitlighting.so from prebuilts/samsung/pa2qxxx
      - Adding /system/system/lib64/lib_SoundBooster_ver2000.so from prebuilts/samsung/pa2qxxx
      - Adding /system/system/lib64/lib_SoundBooster_ver1100.so from prebuilts/samsung/pa2qxxx
      - Adding /system/system/lib64/lib_SoundAlive_play_plus_ver800.so from prebuilts/samsung/pa2qxxx
      - Adding /system/system/lib64/lib_SAG_EQ_ver2000.so from prebuilts/samsung/pa2qxxx
      - Adding /system/system/lib64/libLightObjectDetector_v1.camera.samsung.so from prebuilts/samsung/pa2qxxx
      - Adding /system/system/lib64/libFaceClustering.camera.samsung.so from prebuilts/samsung/pa2qxxx
    - Adding /system/system/cameradata/logCubefiles/3DLUT.cube from prebuilts/samsung/pa2qxxx
    - Adding /system/system/cameradata/stereo_data/SRGIE_Y_A16W8_V006_sm8750_snpe2279.dlc from prebuilts/samsung/pa2qxxx
    - Adding /system/system/cameradata/stereo_data/stereo_capture_feature.json from prebuilts/samsung/pa2qxxx
  - Processing "Play Integrity Fix" by @salvogiangri
    - Applying "Introduce PlayIntegrityHooks" to /system/system/framework/framework.jar
    - Applying "Introduce PlayIntegrityHooks" to /system/system/framework/services.jar
  - Processing "4 digits auto confirm PIN" by @salvogiangri
    - Replacing value "const/4 v0, 0x6" of method "refreshStoredPinLength(I)Z" in /system/system/framework/services.jar/smali/com/android/server/locksettings/LockSettingsService.smali with "const/4 v0, 0x4"
    - Replacing value "const/4 v12, 0x6" of method "createLskfBasedProtector(Landroid/service/gatekeeper/IGateKeeperService;Lcom/android/internal/widget/LockscreenCredential;JLcom/android/internal/widget/LockscreenCredential;Lcom/android/server/locksettings/SyntheticPasswordManager$SyntheticPassword;I)J" in /system/system/framework/services.jar/smali/com/android/server/locksettings/SyntheticPasswordManager.smali with "const/4 v12, 0x4"
    - Replacing value "const/4 v4, 0x6" of method "handleNext$2()V" in /system/system/priv-app/SecSettings/SecSettings.apk/smali/com/android/settings/password/ChooseLockPassword$ChooseLockPasswordFragment.smali with "const/4 v4, 0x4"
    - Replacing value "const/4 p2, 0x6" of method "setAutoPinConfirmOption(IZ)V" in /system/system/priv-app/SecSettings/SecSettings.apk/smali/com/android/settings/password/ChooseLockPassword$ChooseLockPasswordFragment.smali with "const/4 p2, 0x4"
  - Processing "Preloaded apps" by @salvogiangri
    - Downloading Samsung Internet app
    - Adding metadata for /system/preload (uid:0 gid:0 mode:755 selabel:u:object_r:system_file:s0)
    - Adding metadata for /system/preload/SBrowser (uid:0 gid:0 mode:755 selabel:u:object_r:system_file:s0)
    - Adding metadata for /system/preload/SBrowser/SBrowser.apk (uid:0 gid:0 mode:644 selabel:u:object_r:system_file:s0)
    - Adding "system/preload/SBrowser/SBrowser.apk" to /system/system/etc/vpl_apks_count_list.txt
  - Processing "Hide sensitive props" by @salvogiangri
    - Adding /system/system from unica/mods/prophide
  - Processing "Multiple Mods" by @rezoss
    - Adding /system/system from unica/mods/rezoss
    - Adding /system/system from unica/mods/rezoss
    - Deleting /system/system/priv-app/SmartManager_v5
    - Deleting /system/system/app/SmartManager_v6_DeviceSecurity
    - Deleting /system/system/etc/permissions/privapp-permissions-com.samsung.android.lool.xml
    - Deleting /system/system/etc/permissions/signature-permissions-com.samsung.android.lool.xml
(unica/mods/rezoss/customize.sh:7:DELETE_FROM_WORK_DIR) File not found: /system/system/etc/permissions/privapp-permissions-com.samsung.android.sm.devicesecurity_v6.xml
    - Replacing "SEC_FLOATING_FEATURE_SECURITY_CONFIG_DEVICEMONITOR_PACKAGE_NAME" config with "com.samsung.android.sm.devicesecurity.tcm" in /system/system/etc/floating_feature.xml
    - Replacing "SEC_FLOATING_FEATURE_SMARTMANAGER_CONFIG_PACKAGE_NAME" config with "com.samsung.android.sm_cn" in /system/system/etc/floating_feature.xml
    - Replacing "SEC_FLOATING_FEATURE_GALLERY_CONFIG_AI_EXPANSION" config with "AI_Timelapse,singletake.hidt.support.on,singletake.capture.support.off,singletake.video_res.config.fhd,singletake" in /system/system/etc/floating_feature.xml
    - Adding "BATTERY_SUPPORT_BSOH_SETTINGS" config with "TRUE" in /system/system/etc/floating_feature.xml
    - Adding "BATTERY_SUPPORT_SBP_INFO_SETTINGS" config with "TRUE" in /system/system/etc/floating_feature.xml
  - Processing "Settings app mods" by @salvogiangri
    - Adding /system/system from unica/mods/settings
    - Adding "ro.unica.version" prop with "3.0.5_UnOfficial_by_Rezoss+-de17b696-dirty" in /system/system/build.prop
    - Replacing return value of method "isOTAUpgradeAllowed(Landroid/content/Context;)Z" in /system/system/priv-app/SecSettings/SecSettings.apk/smali_classes3/com/samsung/android/settings/softwareupdate/SoftwareUpdateUtils.smali to "const/4 p0, 0x0"
    - Replacing value "move-result p0" of method "isDeviceWithMicroVersion()Z" in /system/system/priv-app/SecSettings/SecSettings.apk/smali_classes4/com/samsung/android/settings/deviceinfo/softwareinfo/OneUIVersionPreferenceController.smali with "const/4 p0, 0x1"
    - Replacing value "ro.product.model" of method "getModelName()Ljava/lang/String;" in /system/system/priv-app/SecSettings/SecSettings.apk/smali_classes4/com/samsung/android/settings/deviceinfo/aboutphone/ModelNameGetter.smali with "ro.boot.em.model"
    - Adding UN1CA Settings
      - Adding "smali_classes4/com/android/settings/Settings$UnicaExtraSettingsActivity.smali" to /system/system/priv-app/SecSettings.apk
      - Adding "smali_classes4/com/android/settings/Settings$UnicaHMASettingsActivity.smali" to /system/system/priv-app/SecSettings.apk
      - Adding "smali_classes4/com/android/settings/Settings$UnicaSettingsActivity.smali" to /system/system/priv-app/SecSettings.apk
      - Adding "smali_classes4/com/android/settings/Settings$UnicaHideDevSettingsActivity.smali" to /system/system/priv-app/SecSettings.apk
      - Adding "smali_classes4/com/android/settings/Settings$UnicaSpoofSettingsActivity.smali" to /system/system/priv-app/SecSettings.apk
      - Adding "smali_classes4/io/mesalabs/unica/utils/Utils.smali" to /system/system/priv-app/SecSettings.apk
      - Adding "smali_classes4/io/mesalabs/unica/utils/Utils$$ExternalSyntheticLambda0.smali" to /system/system/priv-app/SecSettings.apk
      - Adding "smali_classes4/io/mesalabs/unica/settings/ROMVersionPreferenceController.smali" to /system/system/priv-app/SecSettings.apk
      - Adding "smali_classes4/io/mesalabs/unica/settings/UnicaSettingsFragment.smali" to /system/system/priv-app/SecSettings.apk
      - Adding "smali_classes4/io/mesalabs/unica/settings/hma/HideMyApplistFragment.smali" to /system/system/priv-app/SecSettings.apk
      - Adding "smali_classes4/io/mesalabs/unica/settings/hma/HideMyApplistFragment$$ExternalSyntheticLambda0.smali" to /system/system/priv-app/SecSettings.apk
      - Adding "smali_classes4/io/mesalabs/unica/settings/hma/HideMyApplistFragment$1.smali" to /system/system/priv-app/SecSettings.apk
      - Adding "smali_classes4/io/mesalabs/unica/settings/hma/HideMyApplistFragment$$ExternalSyntheticLambda1.smali" to /system/system/priv-app/SecSettings.apk
      - Adding "smali_classes4/io/mesalabs/unica/settings/hma/HideMyApplistPreferenceController.smali" to /system/system/priv-app/SecSettings.apk
      - Adding "smali_classes4/io/mesalabs/unica/settings/hma/HideMyApplistPreferenceController$$ExternalSyntheticLambda0.smali" to /system/system/priv-app/SecSettings.apk
      - Adding "smali_classes4/io/mesalabs/unica/settings/pm/AppTargetSDKBypassPreferenceController.smali" to /system/system/priv-app/SecSettings.apk
      - Adding "smali_classes4/io/mesalabs/unica/settings/pm/ASKSPreferenceController.smali" to /system/system/priv-app/SecSettings.apk
      - Adding "smali_classes4/io/mesalabs/unica/settings/pm/AppDowngradePreferenceController.smali" to /system/system/priv-app/SecSettings.apk
      - Adding "smali_classes4/io/mesalabs/unica/settings/wm/SecureScreenshotPreferenceController.smali" to /system/system/priv-app/SecSettings.apk
      - Adding "smali_classes4/io/mesalabs/unica/settings/wm/CaptureDetectionPreferenceController.smali" to /system/system/priv-app/SecSettings.apk
      - Adding "smali_classes4/io/mesalabs/unica/settings/DeviceNamePreferenceController.smali" to /system/system/priv-app/SecSettings.apk
      - Adding "smali_classes4/io/mesalabs/unica/settings/spoof/SpoofSettingsFragment$1.smali" to /system/system/priv-app/SecSettings.apk
      - Adding "smali_classes4/io/mesalabs/unica/settings/spoof/HideDeveloperStatusFragment$$ExternalSyntheticLambda0.smali" to /system/system/priv-app/SecSettings.apk
      - Adding "smali_classes4/io/mesalabs/unica/settings/spoof/HideDeveloperStatusFragment$1.smali" to /system/system/priv-app/SecSettings.apk
      - Adding "smali_classes4/io/mesalabs/unica/settings/spoof/SpoofSettingsFragment.smali" to /system/system/priv-app/SecSettings.apk
      - Adding "smali_classes4/io/mesalabs/unica/settings/spoof/HideDeveloperStatusPreferenceController.smali" to /system/system/priv-app/SecSettings.apk
      - Adding "smali_classes4/io/mesalabs/unica/settings/spoof/HideDeveloperStatusFragment.smali" to /system/system/priv-app/SecSettings.apk
      - Adding "smali_classes4/io/mesalabs/unica/settings/spoof/HideDeveloperStatusFragment$$ExternalSyntheticLambda1.smali" to /system/system/priv-app/SecSettings.apk
      - Adding "smali_classes4/io/mesalabs/unica/settings/spoof/SpoofSettingsPreferenceController.smali" to /system/system/priv-app/SecSettings.apk
      - Adding "smali_classes4/io/mesalabs/unica/settings/spoof/HideDeveloperStatusPreferenceController$$ExternalSyntheticLambda0.smali" to /system/system/priv-app/SecSettings.apk
      - Adding "smali_classes4/io/mesalabs/unica/settings/UnicaSettingsFragment$1.smali" to /system/system/priv-app/SecSettings.apk
      - Adding "smali_classes4/io/mesalabs/unica/settings/TopLevelUnicaSettingsPreferenceController.smali" to /system/system/priv-app/SecSettings.apk
      - Adding "smali_classes4/io/mesalabs/unica/settings/preference/IconPreference.smali" to /system/system/priv-app/SecSettings.apk
      - Adding "smali_classes4/io/mesalabs/unica/settings/ui/VulkanPreferenceController.smali" to /system/system/priv-app/SecSettings.apk
      - Adding "smali_classes4/io/mesalabs/unica/settings/ui/BootSoundPreferenceController.smali" to /system/system/priv-app/SecSettings.apk
      - Adding "smali_classes4/io/mesalabs/unica/settings/ui/UISettingsPreferenceController.smali" to /system/system/priv-app/SecSettings.apk
      - Adding "smali_classes4/io/mesalabs/unica/settings/ui/UISettingsFragment.smali" to /system/system/priv-app/SecSettings.apk
      - Adding "smali_classes4/io/mesalabs/unica/settings/ui/LauncherAnimationTypePreferenceController.smali" to /system/system/priv-app/SecSettings.apk
      - Adding "smali_classes4/io/mesalabs/unica/settings/ui/ForceMaxRefreshRatePreferenceController$1.smali" to /system/system/priv-app/SecSettings.apk
      - Adding "smali_classes4/io/mesalabs/unica/settings/ui/LiveBlurPreferenceController.smali" to /system/system/priv-app/SecSettings.apk
      - Adding "smali_classes4/io/mesalabs/unica/settings/ui/ForceMaxRefreshRatePreferenceController.smali" to /system/system/priv-app/SecSettings.apk
      - Adding "smali_classes4/io/mesalabs/unica/settings/ui/BootSoundPreferenceController$$ExternalSyntheticLambda0.smali" to /system/system/priv-app/SecSettings.apk
      - Adding "smali_classes4/io/mesalabs/unica/settings/keybox/KeyboxClearPreferenceController.smali" to /system/system/priv-app/SecSettings.apk
      - Adding "smali_classes4/io/mesalabs/unica/settings/keybox/KeyboxUtils$$ExternalSyntheticLambda0.smali" to /system/system/priv-app/SecSettings.apk
      - Adding "smali_classes4/io/mesalabs/unica/settings/keybox/KeyboxUtils.smali" to /system/system/priv-app/SecSettings.apk
      - Adding "smali_classes4/io/mesalabs/unica/settings/keybox/KeyboxLoadPreferenceController.smali" to /system/system/priv-app/SecSettings.apk
      - Adding "smali_classes4/io/mesalabs/unica/settings/keybox/KeyboxLoadPreferenceController$$ExternalSyntheticLambda0.smali" to /system/system/priv-app/SecSettings.apk
      - Adding "smali_classes4/io/mesalabs/unica/settings/keybox/KeyboxUtils$$ExternalSyntheticLambda1.smali" to /system/system/priv-app/SecSettings.apk
      - Adding "smali_classes4/io/mesalabs/unica/settings/keybox/KeyboxPreferenceController$1.smali" to /system/system/priv-app/SecSettings.apk
      - Adding "smali_classes4/io/mesalabs/unica/settings/keybox/KeyboxPreferenceController.smali" to /system/system/priv-app/SecSettings.apk
      - Adding "smali_classes4/io/mesalabs/unica/settings/pif/PIFBlockAttestKeyPreferenceController.smali" to /system/system/priv-app/SecSettings.apk
      - Adding "smali_classes4/io/mesalabs/unica/settings/pif/PIFPreferenceController.smali" to /system/system/priv-app/SecSettings.apk
      - Adding "smali_classes4/io/mesalabs/unica/settings/pif/PIFUpdatePreferenceController.smali" to /system/system/priv-app/SecSettings.apk
      - Adding "smali_classes4/io/mesalabs/unica/settings/pif/PIFUtils$$ExternalSyntheticLambda2.smali" to /system/system/priv-app/SecSettings.apk
      - Adding "smali_classes4/io/mesalabs/unica/settings/pif/PIFUtils$$ExternalSyntheticLambda1.smali" to /system/system/priv-app/SecSettings.apk
      - Adding "smali_classes4/io/mesalabs/unica/settings/pif/PIFUtils$$ExternalSyntheticLambda0.smali" to /system/system/priv-app/SecSettings.apk
      - Adding "smali_classes4/io/mesalabs/unica/settings/pif/PIFCustomPreferenceController.smali" to /system/system/priv-app/SecSettings.apk
      - Adding "smali_classes4/io/mesalabs/unica/settings/pif/PIFUtils.smali" to /system/system/priv-app/SecSettings.apk
      - Adding "smali_classes4/io/mesalabs/unica/settings/pif/PIFCustomPreferenceController$$ExternalSyntheticLambda0.smali" to /system/system/priv-app/SecSettings.apk
      - Adding "smali_classes4/io/mesalabs/unica/settings/extra/ExtraSettingsPreferenceController.smali" to /system/system/priv-app/SecSettings.apk
      - Adding "smali_classes4/io/mesalabs/unica/settings/extra/GooglePhotosPreferenceController.smali" to /system/system/priv-app/SecSettings.apk
      - Adding "smali_classes4/io/mesalabs/unica/settings/extra/GamesPropsPreferenceController.smali" to /system/system/priv-app/SecSettings.apk
      - Adding "smali_classes4/io/mesalabs/unica/settings/extra/ExtraSettingsFragment.smali" to /system/system/priv-app/SecSettings.apk
      - Patching "res/values-tr/strings.xml" in /system/system/priv-app/SecSettings.apk
      - Patching "res/values-fa/strings.xml" in /system/system/priv-app/SecSettings.apk
      - Patching "res/values-it/strings.xml" in /system/system/priv-app/SecSettings.apk
      - Patching "res/values-sr/strings.xml" in /system/system/priv-app/SecSettings.apk
      - Patching "res/values-de/strings.xml" in /system/system/priv-app/SecSettings.apk
      - Patching "res/values-pt-rPT/strings.xml" in /system/system/priv-app/SecSettings.apk
      - Patching "res/values-el/strings.xml" in /system/system/priv-app/SecSettings.apk
      - Patching "res/values-th/strings.xml" in /system/system/priv-app/SecSettings.apk
      - Patching "res/values-es-rES/strings.xml" in /system/system/priv-app/SecSettings.apk
      - Patching "res/values-hu/strings.xml" in /system/system/priv-app/SecSettings.apk
      - Patching "res/values-pt-rBR/strings.xml" in /system/system/priv-app/SecSettings.apk
      - Patching "res/values-mk-rMK/strings.xml" in /system/system/priv-app/SecSettings.apk
      - Adding "res/drawable-nodpi/unica_logo.webp" to /system/system/priv-app/SecSettings.apk
      - Patching "res/values-ro/strings.xml" in /system/system/priv-app/SecSettings.apk
      - Patching "res/values-fr/strings.xml" in /system/system/priv-app/SecSettings.apk
      - Patching "res/values-es-rUS/strings.xml" in /system/system/priv-app/SecSettings.apk
      - Patching "res/values-ru/strings.xml" in /system/system/priv-app/SecSettings.apk
      - Patching "res/values-az-rAZ/strings.xml" in /system/system/priv-app/SecSettings.apk
      - Patching "res/values-vi/strings.xml" in /system/system/priv-app/SecSettings.apk
      - Patching "res/values-b+sr+Latn/strings.xml" in /system/system/priv-app/SecSettings.apk
      - Patching "res/values-zh-rCN/strings.xml" in /system/system/priv-app/SecSettings.apk
      - Patching "res/values-ar/strings.xml" in /system/system/priv-app/SecSettings.apk
      - Patching "res/values-uk/strings.xml" in /system/system/priv-app/SecSettings.apk
      - Adding "res/layout/unica_settings_logo_layout.xml" to /system/system/priv-app/SecSettings.apk
      - Patching "res/values-mr-rIN/strings.xml" in /system/system/priv-app/SecSettings.apk
      - Patching "res/values-in/strings.xml" in /system/system/priv-app/SecSettings.apk
      - Patching "res/values-zh-rTW/strings.xml" in /system/system/priv-app/SecSettings.apk
      - Adding "res/drawable/ic_unica_menu_reboot.xml" to /system/system/priv-app/SecSettings.apk
      - Adding "res/drawable/sec_ic_settings_unica.xml" to /system/system/priv-app/SecSettings.apk
      - Adding "res/drawable/ic_unica_settings_ui.xml" to /system/system/priv-app/SecSettings.apk
      - Adding "res/drawable/ic_unica_settings_spoof.xml" to /system/system/priv-app/SecSettings.apk
      - Adding "res/drawable/ic_unica_settings_extra.xml" to /system/system/priv-app/SecSettings.apk
      - Patching "res/values-hi/strings.xml" in /system/system/priv-app/SecSettings.apk
      - Patching "res/values/ids.xml" in /system/system/priv-app/SecSettings.apk
      - Patching "res/values/strings.xml" in /system/system/priv-app/SecSettings.apk
      - Patching "res/values/colors.xml" in /system/system/priv-app/SecSettings.apk
      - Patching "res/values-pl/strings.xml" in /system/system/priv-app/SecSettings.apk
      - Patching "res/values-bs/strings.xml" in /system/system/priv-app/SecSettings.apk
      - Patching "res/values-bg/strings.xml" in /system/system/priv-app/SecSettings.apk
      - Adding "res/xml/unica_top_settings.xml" to /system/system/priv-app/SecSettings.apk
      - Adding "res/xml/unica_spoof_settings.xml" to /system/system/priv-app/SecSettings.apk
      - Patching "res/xml/sec_top_level_settings.xml" in /system/system/priv-app/SecSettings.apk
      - Adding "res/xml/unica_ui_settings.xml" to /system/system/priv-app/SecSettings.apk
      - Adding "res/xml/unica_extra_settings.xml" to /system/system/priv-app/SecSettings.apk
      - Patching "res/values-sq-rAL/strings.xml" in /system/system/priv-app/SecSettings.apk
      - Patching "AndroidManifest.xml" in /system/system/priv-app/SecSettings.apk
      - Patching "smali_classes2/com/android/settings/core/gateway/SettingsGateway.smali" in /system/system/priv-app/SecSettings.apk
      - Patching "smali_classes2/com/android/settings/SettingsActivity.smali" in /system/system/priv-app/SecSettings.apk
      - Patching "smali/com/android/settingslib/search/SearchIndexableResourcesBase.smali" in /system/system/priv-app/SecSettings.apk
      - Patching "smali_classes2/com/samsung/android/settings/intelligence/search/categorizing/TopLevelKeysCollector.smali" in /system/system/priv-app/SecSettingsIntelligence/SecSettingsIntelligence.apk
      - Adding "persist.sys.unica.vulkan" prop with "false" in /system/system/build.prop
    - Applying "Allow unlimited storage for Google Photos" to /system/system/framework/framework.jar
    - Applying "Introduce SamsungPropsHooks" to /system/system/framework/framework.jar
    - Applying "Introduce FloatingFeatureHooks" to /system/system/framework/framework.jar
    - Applying "Introduce HideDeveloperStatusUtils" to /system/system/framework/framework.jar
    - Applying "Allow disabling secure windows" to /system/system/framework/services.jar
    - Applying "Allow app downgrade" to /system/system/framework/services.jar
    - Applying "Allow app target SDK bypass" to /system/system/framework/services.jar
    - Applying "Allow disable screen capture detection" to /system/system/framework/services.jar
    - Applying "Allow disable ASKS" to /system/system/framework/services.jar
    - Decoding /system/system/priv-app/MultiSoundSetting/MultiSoundSetting.apk
    - Applying "Allow more than five apps" to /system/system/priv-app/MultiSoundSetting/MultiSoundSetting.apk
  - Processing "Setup Wizard mods" by @salvogiangri
    - Decoding /system/system/priv-app/SecSetupWizard_Global/SecSetupWizard_Global.apk
    - Enabling navigation bar type settings step
    - Disabling Recommended apps step
    - Patching "res/values-tr/strings.xml" in /system/system/priv-app/SecSetupWizard_Global.apk
    - Patching "res/values-fa/strings.xml" in /system/system/priv-app/SecSetupWizard_Global.apk
    - Patching "res/values-it/strings.xml" in /system/system/priv-app/SecSetupWizard_Global.apk
    - Patching "res/values-sr/strings.xml" in /system/system/priv-app/SecSetupWizard_Global.apk
    - Patching "res/values-de/strings.xml" in /system/system/priv-app/SecSetupWizard_Global.apk
    - Patching "res/values-id/strings.xml" in /system/system/priv-app/SecSetupWizard_Global.apk
    - Patching "res/values-el/strings.xml" in /system/system/priv-app/SecSetupWizard_Global.apk
    - Patching "res/values-es-rES/strings.xml" in /system/system/priv-app/SecSetupWizard_Global.apk
    - Patching "res/values-hu/strings.xml" in /system/system/priv-app/SecSetupWizard_Global.apk
    - Patching "res/values-pt-rBR/strings.xml" in /system/system/priv-app/SecSetupWizard_Global.apk
    - Patching "res/values-ro/strings.xml" in /system/system/priv-app/SecSetupWizard_Global.apk
    - Patching "res/values-es-rUS/strings.xml" in /system/system/priv-app/SecSetupWizard_Global.apk
    - Patching "res/values-ru/strings.xml" in /system/system/priv-app/SecSetupWizard_Global.apk
    - Patching "res/values-az-rAZ/strings.xml" in /system/system/priv-app/SecSetupWizard_Global.apk
    - Patching "res/values-vi/strings.xml" in /system/system/priv-app/SecSetupWizard_Global.apk
    - Patching "res/values-b+sr+Latn/strings.xml" in /system/system/priv-app/SecSetupWizard_Global.apk
    - Patching "res/values-zh-rCN/strings.xml" in /system/system/priv-app/SecSetupWizard_Global.apk
    - Patching "res/values-ar/strings.xml" in /system/system/priv-app/SecSetupWizard_Global.apk
    - Patching "res/values-uk/strings.xml" in /system/system/priv-app/SecSetupWizard_Global.apk
    - Patching "res/values-in/strings.xml" in /system/system/priv-app/SecSetupWizard_Global.apk
    - Patching "res/values-zh-rTW/strings.xml" in /system/system/priv-app/SecSetupWizard_Global.apk
    - Patching "res/values-sr-v34/strings.xml" in /system/system/priv-app/SecSetupWizard_Global.apk
    - Patching "res/values-hi/strings.xml" in /system/system/priv-app/SecSetupWizard_Global.apk
    - Patching "res/values/strings.xml" in /system/system/priv-app/SecSetupWizard_Global.apk
    - Adding "res/drawable-xxhdpi/suw_ic_unica.webp" to /system/system/priv-app/SecSetupWizard_Global.apk
    - Adding "res/drawable-xxhdpi/suw_img_tips.webp" to /system/system/priv-app/SecSetupWizard_Global.apk
    - Patching "res/values-pl/strings.xml" in /system/system/priv-app/SecSetupWizard_Global.apk
    - Patching "res/values-bs/strings.xml" in /system/system/priv-app/SecSetupWizard_Global.apk
    - Patching "res/values-bg/strings.xml" in /system/system/priv-app/SecSetupWizard_Global.apk
    - Patching "res/values-sq-rAL/strings.xml" in /system/system/priv-app/SecSetupWizard_Global.apk
    - Applying "Add custom disclaimer page" to /system/system/priv-app/SecSetupWizard_Global/SecSetupWizard_Global.apk
  - Processing "Misc tweaks" by @salvogiangri
    - Applying "Disable app compaction" to /system/system/framework/services.jar
    - Adding "SEC_FLOATING_FEATURE_SETTINGS_ENABLE_EU_BATTERY_REGULATORY" config with "TRUE" in /system/system/etc/floating_feature.xml
    - Applying "Disable QP text marquee" to /system_ext/priv-app/SystemUI/SystemUI.apk
    - Applying "Remove confirm dialog on sensors QS toggle" to /system_ext/priv-app/SystemUI/SystemUI.apk
  - Processing "Paradigm wallpapers" by @salvogiangri
    - Adding /system/system/priv-app/wallpaper-res/wallpaper-res.apk from prebuilts/samsung/pa2qxxx
    - Decoding /system/system/priv-app/wallpaper-res/wallpaper-res.apk
    - Compressing dex_wallpaper_1.webp
    - Compressing dex_wallpaper_2.webp
    - Compressing dex_wallpaper_3.webp
    - Compressing dex_wallpaper_4.webp
    - Compressing dex_wallpaper_5.webp
    - Compressing wallpaper_001.webp
    - Compressing wallpaper_002.webp
    - Compressing wallpaper_003.webp
    - Compressing wallpaper_004.webp
    - Compressing wallpaper_005.webp
    - Compressing wallpaper_006.webp
    - Compressing wallpaper_007.webp
    - Compressing wallpaper_008.webp
    - Compressing wallpaper_009.webp
    - Compressing wallpaper_010.webp
    - Encoding video_001.mp4
    - Encoding video_002.mp4
    - Encoding video_003.mp4
    - Encoding video_004.mp4
    - Encoding video_005.mp4
    - Applying "Adjust metadata for 60fps video files" to /system/system/priv-app/wallpaper-res/wallpaper-res.apk
Building APKs/JARs
  - Building /system_ext/priv-app/StorageManager/StorageManager.apk
  - Building /system/system/framework/framework.jar
  - Building /system/system/framework/samsungkeystoreutils.jar
  - Building /system_ext/priv-app/SystemUI/SystemUI.apk
  - Building /system/system/framework/services.jar
  - Building /system/system/framework/knoxsdk.jar
  - Building /system/system/app/DAAgent/DAAgent.apk
  - Building /system/system/app/Traceur/Traceur.apk
  - Building /system/system/priv-app/DeviceDiagnostics/DeviceDiagnostics.apk
  - Building /system/system/priv-app/SecSoundPicker/SecSoundPicker.apk
  - Building /system/system/priv-app/wallpaper-res/wallpaper-res.apk
  - Building /system/system/priv-app/KnoxCore/KnoxCore.apk
  - Building /system/system/priv-app/SettingsProvider/SettingsProvider.apk
  - Building /system/system/priv-app/ManagedProvisioning/ManagedProvisioning.apk
  - Building /system/system/priv-app/SohService/SohService.apk
  - Building /system/system/priv-app/Telecom/Telecom.apk
  - Building /system/system/priv-app/SecSettings/SecSettings.apk
  - Building /system/system/priv-app/SecSetupWizard_Global/SecSetupWizard_Global.apk
  - Building /system/system/priv-app/MultiSoundSetting/MultiSoundSetting.apk
  - Building /system/system/priv-app/KmxService/KmxService.apk
  - Building /system/system/priv-app/SecSettingsIntelligence/SecSettingsIntelligence.apk
  - Zipaligning /system/system/framework/samsungkeystoreutils.jar
  - Signing /system/system/priv-app/KnoxCore/KnoxCore.apk
  - Signing /system/system/priv-app/SettingsProvider/SettingsProvider.apk
  - Signing /system/system/app/DAAgent/DAAgent.apk
  - Zipaligning /system/system/framework/knoxsdk.jar
  - Signing /system/system/priv-app/SecSetupWizard_Global/SecSetupWizard_Global.apk
  - Signing /system/system/app/Traceur/Traceur.apk
  - Signing /system/system/priv-app/wallpaper-res/wallpaper-res.apk
  - Signing /system_ext/priv-app/StorageManager/StorageManager.apk
  - Signing /system/system/priv-app/ManagedProvisioning/ManagedProvisioning.apk
  - Signing /system/system/priv-app/Telecom/Telecom.apk
  - Signing /system/system/priv-app/MultiSoundSetting/MultiSoundSetting.apk
  - Signing /system/system/priv-app/SohService/SohService.apk
  - Signing /system/system/priv-app/DeviceDiagnostics/DeviceDiagnostics.apk
  - Signing /system/system/priv-app/SecSoundPicker/SecSoundPicker.apk
  - Signing /system/system/priv-app/SecSettingsIntelligence/SecSettingsIntelligence.apk
  - Zipaligning /system/system/framework/framework.jar
  - Signing /system/system/priv-app/KmxService/KmxService.apk
  - Zipaligning /system/system/framework/services.jar
  - Deleting /system/system/framework/services.jar.prof
  - Signing /system_ext/priv-app/SystemUI/SystemUI.apk
  - Signing /system/system/priv-app/SecSettings/SecSettings.apk
Creating zip
  - Building OS partitions
    - Starting build_fs_image for odm.img (erofs+sparse)...
      ! Partition size is not set, detecting minimum size
        - The tree size of odm.img is 778240 bytes (0 MB)
        - Allocating 876544 bytes (0 MB) for odm.img
      - Building image
      - Signing image with AVB
    - Starting build_fs_image for system_dlkm.img (erofs+sparse)...
      ! Partition size is not set, detecting minimum size
        - The tree size of system_dlkm.img is 147456 bytes (0 MB)
        - Allocating 348160 bytes (0 MB) for system_dlkm.img
      - Building image
      - Signing image with AVB
    - Starting build_fs_image for system_ext.img (erofs+sparse)...
      ! Partition size is not set, detecting minimum size
        - The tree size of system_ext.img is 151166976 bytes (144 MB)
        - Allocating 154136576 bytes (146 MB) for system_ext.img
      - Building image
      - Signing image with AVB
    - Starting build_fs_image for product.img (erofs+sparse)...
      ! Partition size is not set, detecting minimum size
        - The tree size of product.img is 1088942080 bytes (1038 MB)
        - Allocating 1109803008 bytes (1058 MB) for product.img
      - Building image
      - Signing image with AVB
    - Starting build_fs_image for vendor.img (erofs+sparse)...
      ! Partition size is not set, detecting minimum size
        - The tree size of vendor.img is 2117533696 bytes (2019 MB)
        - Allocating 2158026752 bytes (2058 MB) for vendor.img
      - Building image
      - Signing image with AVB
    - Starting build_fs_image for vendor_dlkm.img (erofs+sparse)...
      ! Partition size is not set, detecting minimum size
        - The tree size of vendor_dlkm.img is 32403456 bytes (30 MB)
        - Allocating 33103872 bytes (31 MB) for vendor_dlkm.img
      - Building image
      - Signing image with AVB
    - Starting build_fs_image for system.img (erofs+sparse)...
      ! Partition size is not set, detecting minimum size
        - The tree size of system.img is 6183731200 bytes (5897 MB)
        - Allocating 6301806592 bytes (6009 MB) for system.img
      - Building image
      - Signing image with AVB
  - Building unsparse_super_empty.img
  - Generating dynamic_partitions_op_list
  - Converting system.img to system.new.dat
  - Compressing system.new.dat
  - Converting system_ext.img to system_ext.new.dat
  - Compressing system_ext.new.dat
  - Converting product.img to product.new.dat
  - Compressing product.new.dat
  - Converting vendor.img to vendor.new.dat
  - Compressing vendor.new.dat
  - Converting vendor_dlkm.img to vendor_dlkm.new.dat
  - Compressing vendor_dlkm.new.dat
  - Converting odm.img to odm.new.dat
  - Compressing odm.new.dat
  - Converting system_dlkm.img to system_dlkm.new.dat
  - Compressing system_dlkm.new.dat
  - Copying boot.img
    - Signing image with AVB
  - Copying dtbo.img
    - Signing image with AVB
  - Copying init_boot.img
    - Signing image with AVB
  - Copying vendor_boot.img
    - Signing image with AVB
  - Generating updater-script
  - Generating build_info.txt
  - Generating OTA metadata
  - Creating zip
  - Signing zip

Build completed in 1hrs 9min 12sec.

